,EDA,timestamp
1,0.0,1637349351.0
2,0.146098,1637349351.25
3,0.196079,1637349351.5
4,0.202487,1637349351.75
5,0.20505,1637349352.0
6,0.203768,1637349352.25
7,0.202487,1637349352.5
8,0.203768,1637349352.75
9,0.203768,1637349353.0
10,0.207613,1637349353.25
11,0.207613,1637349353.5
12,0.208895,1637349353.75
13,0.20505,1637349354.0
14,0.20505,1637349354.25
15,0.206332,1637349354.5
16,0.208895,1637349354.75
17,0.207613,1637349355.0
18,0.207613,1637349355.25
19,0.207613,1637349355.5
20,0.20505,1637349355.75
21,0.207613,1637349356.0
22,0.206332,1637349356.25
23,0.210176,1637349356.5
24,0.211458,1637349356.75
25,0.211458,1637349357.0
26,0.211458,1637349357.25
27,0.207613,1637349357.5
28,0.208895,1637349357.75
29,0.206332,1637349358.0
30,0.211458,1637349358.25
31,0.211458,1637349358.5
32,0.212739,1637349358.75
33,0.211458,1637349359.0
34,0.208895,1637349359.25
35,0.208895,1637349359.5
36,0.211458,1637349359.75
37,0.212739,1637349360.0
38,0.214021,1637349360.25
39,0.212739,1637349360.5
40,0.212739,1637349360.75
41,0.208895,1637349361.0
42,0.210176,1637349361.25
43,0.210176,1637349361.5
44,0.214021,1637349361.75
45,0.215303,1637349362.0
46,0.215303,1637349362.25
47,0.214021,1637349362.5
48,0.212739,1637349362.75
49,0.212739,1637349363.0
50,0.211458,1637349363.25
51,0.214021,1637349363.5
52,0.215303,1637349363.75
53,0.215303,1637349364.0
54,0.216584,1637349364.25
55,0.212739,1637349364.5
56,0.214021,1637349364.75
57,0.212739,1637349365.0
58,0.215303,1637349365.25
59,0.216584,1637349365.5
60,0.217866,1637349365.75
61,0.215303,1637349366.0
62,0.211458,1637349366.25
63,0.215303,1637349366.5
64,0.217866,1637349366.75
65,0.217866,1637349367.0
66,0.219147,1637349367.25
67,0.217866,1637349367.5
68,0.214021,1637349367.75
69,0.215303,1637349368.0
70,0.215303,1637349368.25
71,0.217866,1637349368.5
72,0.219147,1637349368.75
73,0.217866,1637349369.0
74,0.217866,1637349369.25
75,0.214021,1637349369.5
76,0.216584,1637349369.75
77,0.219147,1637349370.0
78,0.220429,1637349370.25
79,0.220429,1637349370.5
80,0.220429,1637349370.75
81,0.217866,1637349371.0
82,0.216584,1637349371.25
83,0.217866,1637349371.5
84,0.217866,1637349371.75
85,0.22171,1637349372.0
86,0.219147,1637349372.25
87,0.220429,1637349372.5
88,0.219147,1637349372.75
89,0.217866,1637349373.0
90,0.217866,1637349373.25
91,0.220429,1637349373.5
92,0.222992,1637349373.75
93,0.222992,1637349374.0
94,0.222992,1637349374.25
95,0.217866,1637349374.5
96,0.22171,1637349374.75
97,0.220429,1637349375.0
98,0.222992,1637349375.25
99,0.224273,1637349375.5
100,0.222992,1637349375.75
101,0.224273,1637349376.0
102,0.22171,1637349376.25
103,0.220429,1637349376.5
104,0.222992,1637349376.75
105,0.22171,1637349377.0
106,0.222992,1637349377.25
107,0.224273,1637349377.5
108,0.225555,1637349377.75
109,0.225555,1637349378.0
110,0.22171,1637349378.25
111,0.22171,1637349378.5
112,0.22171,1637349378.75
113,0.225555,1637349379.0
114,0.225555,1637349379.25
115,0.226837,1637349379.5
116,0.226837,1637349379.75
117,0.22171,1637349380.0
118,0.222992,1637349380.25
119,0.220429,1637349380.5
120,0.222992,1637349380.75
121,0.226837,1637349381.0
122,0.226837,1637349381.25
123,0.228118,1637349381.5
124,0.226837,1637349381.75
125,0.225555,1637349382.0
126,0.224273,1637349382.25
127,0.224273,1637349382.5
128,0.225555,1637349382.75
129,0.226837,1637349383.0
130,0.225555,1637349383.25
131,0.228118,1637349383.5
132,0.224273,1637349383.75
133,0.226837,1637349384.0
134,0.225555,1637349384.25
135,0.2294,1637349384.5
136,0.228118,1637349384.75
137,0.2294,1637349385.0
138,0.225555,1637349385.25
139,0.226837,1637349385.5
140,0.226837,1637349385.75
141,0.230681,1637349386.0
142,0.230681,1637349386.25
143,0.230681,1637349386.5
144,0.231963,1637349386.75
145,0.226837,1637349387.0
146,0.226837,1637349387.25
147,0.2294,1637349387.5
148,0.231963,1637349387.75
149,0.230681,1637349388.0
150,0.2294,1637349388.25
151,0.230681,1637349388.5
152,0.2294,1637349388.75
153,0.230681,1637349389.0
154,0.231963,1637349389.25
155,0.231963,1637349389.5
156,0.233244,1637349389.75
157,0.228118,1637349390.0
158,0.228118,1637349390.25
159,0.231963,1637349390.5
160,0.233244,1637349390.75
161,0.230681,1637349391.0
162,0.231963,1637349391.25
163,0.234526,1637349391.5
164,0.2294,1637349391.75
165,0.231963,1637349392.0
166,0.2294,1637349392.25
167,0.235808,1637349392.5
168,0.234526,1637349392.75
169,0.235808,1637349393.0
170,0.233244,1637349393.25
171,0.233244,1637349393.5
172,0.233244,1637349393.75
173,0.234526,1637349394.0
174,0.235808,1637349394.25
175,0.238371,1637349394.5
176,0.234526,1637349394.75
177,0.234526,1637349395.0
178,0.231963,1637349395.25
179,0.235808,1637349395.5
180,0.235808,1637349395.75
181,0.237089,1637349396.0
182,0.237089,1637349396.25
183,0.231963,1637349396.5
184,0.235808,1637349396.75
185,0.233244,1637349397.0
186,0.237089,1637349397.25
187,0.237089,1637349397.5
188,0.238371,1637349397.75
189,0.238371,1637349398.0
190,0.234526,1637349398.25
191,0.234526,1637349398.5
192,0.238371,1637349398.75
193,0.238371,1637349399.0
194,0.238371,1637349399.25
195,0.239652,1637349399.5
196,0.235808,1637349399.75
197,0.237089,1637349400.0
198,0.235808,1637349400.25
199,0.238371,1637349400.5
200,0.239652,1637349400.75
201,0.242215,1637349401.0
202,0.239652,1637349401.25
203,0.238371,1637349401.5
204,0.237089,1637349401.75
205,0.234526,1637349402.0
206,0.239652,1637349402.25
207,0.240934,1637349402.5
208,0.242215,1637349402.75
209,0.239652,1637349403.0
210,0.237089,1637349403.25
211,0.239652,1637349403.5
212,0.238371,1637349403.75
213,0.243497,1637349404.0
214,0.240934,1637349404.25
215,0.242215,1637349404.5
216,0.237089,1637349404.75
217,0.240934,1637349405.0
218,0.237089,1637349405.25
219,0.240934,1637349405.5
220,0.243497,1637349405.75
221,0.243497,1637349406.0
222,0.243497,1637349406.25
223,0.239652,1637349406.5
224,0.242215,1637349406.75
225,0.243497,1637349407.0
226,0.242215,1637349407.25
227,0.242215,1637349407.5
228,0.243497,1637349407.75
229,0.239652,1637349408.0
230,0.239652,1637349408.25
231,0.243497,1637349408.5
232,0.244778,1637349408.75
233,0.243497,1637349409.0
234,0.24606,1637349409.25
235,0.240934,1637349409.5
236,0.243497,1637349409.75
237,0.244778,1637349410.0
238,0.242215,1637349410.25
239,0.24606,1637349410.5
240,0.247342,1637349410.75
241,0.243497,1637349411.0
242,0.242215,1637349411.25
243,0.24606,1637349411.5
244,0.247342,1637349411.75
245,0.247342,1637349412.0
246,0.249905,1637349412.25
247,0.244778,1637349412.5
248,0.24606,1637349412.75
249,0.24606,1637349413.0
250,0.248623,1637349413.25
251,0.248623,1637349413.5
252,0.248623,1637349413.75
253,0.243497,1637349414.0
254,0.244778,1637349414.25
255,0.244778,1637349414.5
256,0.248623,1637349414.75
257,0.249905,1637349415.0
258,0.249905,1637349415.25
259,0.247342,1637349415.5
260,0.244778,1637349415.75
261,0.244778,1637349416.0
262,0.247342,1637349416.25
263,0.248623,1637349416.5
264,0.248623,1637349416.75
265,0.24606,1637349417.0
266,0.244778,1637349417.25
267,0.244778,1637349417.5
268,0.251186,1637349417.75
269,0.248623,1637349418.0
270,0.251186,1637349418.25
271,0.244778,1637349418.5
272,0.24606,1637349418.75
273,0.247342,1637349419.0
274,0.251186,1637349419.25
275,0.249905,1637349419.5
276,0.251186,1637349419.75
277,0.251186,1637349420.0
278,0.247342,1637349420.25
279,0.248623,1637349420.5
280,0.248623,1637349420.75
281,0.252468,1637349421.0
282,0.249905,1637349421.25
283,0.253749,1637349421.5
284,0.249905,1637349421.75
285,0.249905,1637349422.0
286,0.249905,1637349422.25
287,0.252468,1637349422.5
288,0.253749,1637349422.75
289,0.255031,1637349423.0
290,0.255031,1637349423.25
291,0.251186,1637349423.5
292,0.251186,1637349423.75
293,0.249905,1637349424.0
294,0.253749,1637349424.25
295,0.256313,1637349424.5
296,0.256313,1637349424.75
297,0.251186,1637349425.0
298,0.251186,1637349425.25
299,0.252468,1637349425.5
300,0.257594,1637349425.75
301,0.256313,1637349426.0
302,0.256313,1637349426.25
303,0.257594,1637349426.5
304,0.251186,1637349426.75
305,0.255031,1637349427.0
306,0.253749,1637349427.25
307,0.256313,1637349427.5
308,0.257594,1637349427.75
309,0.257594,1637349428.0
310,0.253749,1637349428.25
311,0.253749,1637349428.5
312,0.253749,1637349428.75
313,0.257594,1637349429.0
314,0.257594,1637349429.25
315,0.256313,1637349429.5
316,0.253749,1637349429.75
317,0.255031,1637349430.0
318,0.255031,1637349430.25
319,0.257594,1637349430.5
320,0.258876,1637349430.75
321,0.260157,1637349431.0
322,0.255031,1637349431.25
323,0.255031,1637349431.5
324,0.257594,1637349431.75
325,0.261439,1637349432.0
326,0.258876,1637349432.25
327,0.257594,1637349432.5
328,0.258876,1637349432.75
329,0.255031,1637349433.0
330,0.256313,1637349433.25
331,0.256313,1637349433.5
332,0.260157,1637349433.75
333,0.260157,1637349434.0
334,0.260157,1637349434.25
335,0.256313,1637349434.5
336,0.256313,1637349434.75
337,0.253749,1637349435.0
338,0.260157,1637349435.25
339,0.261439,1637349435.5
340,0.261439,1637349435.75
341,0.257594,1637349436.0
342,0.257594,1637349436.25
343,0.260157,1637349436.5
344,0.264002,1637349436.75
345,0.261439,1637349437.0
346,0.26272,1637349437.25
347,0.258876,1637349437.5
348,0.255031,1637349437.75
349,0.261439,1637349438.0
350,0.26272,1637349438.25
351,0.264002,1637349438.5
352,0.264002,1637349438.75
353,0.258876,1637349439.0
354,0.258876,1637349439.25
355,0.260157,1637349439.5
356,0.264002,1637349439.75
357,0.264002,1637349440.0
358,0.264002,1637349440.25
359,0.258876,1637349440.5
360,0.26272,1637349440.75
361,0.264002,1637349441.0
362,0.264002,1637349441.25
363,0.264002,1637349441.5
364,0.265283,1637349441.75
365,0.26272,1637349442.0
366,0.261439,1637349442.25
367,0.264002,1637349442.5
368,0.265283,1637349442.75
369,0.265283,1637349443.0
370,0.265283,1637349443.25
371,0.264002,1637349443.5
372,0.260157,1637349443.75
373,0.26272,1637349444.0
374,0.266565,1637349444.25
375,0.266565,1637349444.5
376,0.266565,1637349444.75
377,0.26272,1637349445.0
378,0.26272,1637349445.25
379,0.26272,1637349445.5
380,0.269128,1637349445.75
381,0.265283,1637349446.0
382,0.266565,1637349446.25
383,0.267847,1637349446.5
384,0.265283,1637349446.75
385,0.265283,1637349447.0
386,0.267847,1637349447.25
387,0.267847,1637349447.5
388,0.265283,1637349447.75
389,0.267847,1637349448.0
390,0.264002,1637349448.25
391,0.266565,1637349448.5
392,0.266565,1637349448.75
393,0.267847,1637349449.0
394,0.269128,1637349449.25
395,0.266565,1637349449.5
396,0.265283,1637349449.75
397,0.265283,1637349450.0
398,0.269128,1637349450.25
399,0.269128,1637349450.5
400,0.27041,1637349450.75
401,0.267847,1637349451.0
402,0.265283,1637349451.25
403,0.264002,1637349451.5
404,0.269128,1637349451.75
405,0.27041,1637349452.0
406,0.27041,1637349452.25
407,0.265283,1637349452.5
408,0.266565,1637349452.75
409,0.266565,1637349453.0
410,0.27041,1637349453.25
411,0.27041,1637349453.5
412,0.271691,1637349453.75
413,0.266565,1637349454.0
414,0.264002,1637349454.25
415,0.27041,1637349454.5
416,0.269128,1637349454.75
417,0.271691,1637349455.0
418,0.27041,1637349455.25
419,0.267847,1637349455.5
420,0.267847,1637349455.75
421,0.271691,1637349456.0
422,0.271691,1637349456.25
423,0.272973,1637349456.5
424,0.267847,1637349456.75
425,0.265283,1637349457.0
426,0.269128,1637349457.25
427,0.271691,1637349457.5
428,0.271691,1637349457.75
429,0.272973,1637349458.0
430,0.27041,1637349458.25
431,0.271691,1637349458.5
432,0.271691,1637349458.75
433,0.266565,1637349459.0
434,0.249905,1637349459.25
435,0.260157,1637349459.5
436,0.261439,1637349459.75
437,0.258876,1637349460.0
438,0.257594,1637349460.25
439,0.260157,1637349460.5
440,0.258876,1637349460.75
441,0.258876,1637349461.0
442,0.260157,1637349461.25
443,0.256313,1637349461.5
444,0.260157,1637349461.75
445,0.264002,1637349462.0
446,0.261439,1637349462.25
447,0.261439,1637349462.5
448,0.261439,1637349462.75
449,0.258876,1637349463.0
450,0.258876,1637349463.25
451,0.26272,1637349463.5
452,0.261439,1637349463.75
453,0.261439,1637349464.0
454,0.26272,1637349464.25
455,0.258876,1637349464.5
456,0.26272,1637349464.75
457,0.265283,1637349465.0
458,0.260157,1637349465.25
459,0.266565,1637349465.5
460,0.26272,1637349465.75
461,0.260157,1637349466.0
462,0.260157,1637349466.25
463,0.266565,1637349466.5
464,0.265283,1637349466.75
465,0.265283,1637349467.0
466,0.258876,1637349467.25
467,0.260157,1637349467.5
468,0.260157,1637349467.75
469,0.260157,1637349468.0
470,0.264002,1637349468.25
471,0.265283,1637349468.5
472,0.260157,1637349468.75
473,0.261439,1637349469.0
474,0.264002,1637349469.25
475,0.265283,1637349469.5
476,0.264002,1637349469.75
477,0.264002,1637349470.0
478,0.261439,1637349470.25
479,0.264002,1637349470.5
480,0.26272,1637349470.75
481,0.265283,1637349471.0
482,0.264002,1637349471.25
483,0.265283,1637349471.5
484,0.261439,1637349471.75
485,0.261439,1637349472.0
486,0.257594,1637349472.25
487,0.237089,1637349472.5
488,0.230681,1637349472.75
489,0.207613,1637349473.0
490,0.2294,1637349473.25
491,0.237089,1637349473.5
492,0.240934,1637349473.75
493,0.235808,1637349474.0
494,0.237089,1637349474.25
495,0.233244,1637349474.5
496,0.233244,1637349474.75
497,0.230681,1637349475.0
498,0.235808,1637349475.25
499,0.237089,1637349475.5
500,0.237089,1637349475.75
501,0.231963,1637349476.0
502,0.220429,1637349476.25
503,0.224273,1637349476.5
504,0.226837,1637349476.75
505,0.225555,1637349477.0
506,0.225555,1637349477.25
507,0.220429,1637349477.5
508,0.220429,1637349477.75
509,0.225555,1637349478.0
510,0.2294,1637349478.25
511,0.224273,1637349478.5
512,0.225555,1637349478.75
513,0.22171,1637349479.0
514,0.22171,1637349479.25
515,0.224273,1637349479.5
516,0.22171,1637349479.75
517,0.225555,1637349480.0
518,0.228118,1637349480.25
519,0.222992,1637349480.5
520,0.224273,1637349480.75
521,0.226837,1637349481.0
522,0.228118,1637349481.25
523,0.228118,1637349481.5
524,0.22171,1637349481.75
525,0.224273,1637349482.0
526,0.224273,1637349482.25
527,0.2294,1637349482.5
528,0.2294,1637349482.75
529,0.2294,1637349483.0
530,0.225555,1637349483.25
531,0.226837,1637349483.5
532,0.226837,1637349483.75
533,0.228118,1637349484.0
534,0.2294,1637349484.25
535,0.22171,1637349484.5
536,0.224273,1637349484.75
537,0.222992,1637349485.0
538,0.226837,1637349485.25
539,0.228118,1637349485.5
540,0.228118,1637349485.75
541,0.222992,1637349486.0
542,0.222992,1637349486.25
543,0.226837,1637349486.5
544,0.228118,1637349486.75
545,0.2294,1637349487.0
546,0.224273,1637349487.25
547,0.225555,1637349487.5
548,0.224273,1637349487.75
549,0.230681,1637349488.0
550,0.231963,1637349488.25
551,0.231963,1637349488.5
552,0.228118,1637349488.75
553,0.2294,1637349489.0
554,0.231963,1637349489.25
555,0.231963,1637349489.5
556,0.231963,1637349489.75
557,0.230681,1637349490.0
558,0.2294,1637349490.25
559,0.230681,1637349490.5
560,0.230681,1637349490.75
561,0.234526,1637349491.0
562,0.234526,1637349491.25
563,0.235808,1637349491.5
564,0.230681,1637349491.75
565,0.230681,1637349492.0
566,0.234526,1637349492.25
567,0.234526,1637349492.5
568,0.231963,1637349492.75
569,0.230681,1637349493.0
570,0.231963,1637349493.25
571,0.233244,1637349493.5
572,0.234526,1637349493.75
573,0.234526,1637349494.0
574,0.235808,1637349494.25
575,0.231963,1637349494.5
576,0.231963,1637349494.75
577,0.231963,1637349495.0
578,0.235808,1637349495.25
579,0.234526,1637349495.5
580,0.237089,1637349495.75
581,0.231963,1637349496.0
582,0.233244,1637349496.25
583,0.233244,1637349496.5
584,0.237089,1637349496.75
585,0.238371,1637349497.0
586,0.237089,1637349497.25
587,0.233244,1637349497.5
588,0.233244,1637349497.75
589,0.234526,1637349498.0
590,0.235808,1637349498.25
591,0.237089,1637349498.5
592,0.237089,1637349498.75
593,0.2294,1637349499.0
594,0.230681,1637349499.25
595,0.238371,1637349499.5
596,0.237089,1637349499.75
597,0.235808,1637349500.0
598,0.230681,1637349500.25
599,0.230681,1637349500.5
600,0.233244,1637349500.75
601,0.231963,1637349501.0
602,0.234526,1637349501.25
603,0.231963,1637349501.5
604,0.234526,1637349501.75
605,0.234526,1637349502.0
606,0.235808,1637349502.25
607,0.235808,1637349502.5
608,0.237089,1637349502.75
609,0.231963,1637349503.0
610,0.222992,1637349503.25
611,0.230681,1637349503.5
612,0.225555,1637349503.75
613,0.230681,1637349504.0
614,0.224273,1637349504.25
615,0.225555,1637349504.5
616,0.228118,1637349504.75
617,0.228118,1637349505.0
618,0.2294,1637349505.25
619,0.226837,1637349505.5
620,0.224273,1637349505.75
621,0.224273,1637349506.0
622,0.228118,1637349506.25
623,0.226837,1637349506.5
624,0.2294,1637349506.75
625,0.225555,1637349507.0
626,0.225555,1637349507.25
627,0.230681,1637349507.5
628,0.233244,1637349507.75
629,0.234526,1637349508.0
630,0.234526,1637349508.25
631,0.234526,1637349508.5
632,0.233244,1637349508.75
633,0.237089,1637349509.0
634,0.234526,1637349509.25
635,0.237089,1637349509.5
636,0.228118,1637349509.75
637,0.231963,1637349510.0
638,0.233244,1637349510.25
639,0.235808,1637349510.5
640,0.237089,1637349510.75
641,0.238371,1637349511.0
642,0.234526,1637349511.25
643,0.234526,1637349511.5
644,0.238371,1637349511.75
645,0.237089,1637349512.0
646,0.239652,1637349512.25
647,0.233244,1637349512.5
648,0.234526,1637349512.75
649,0.234526,1637349513.0
650,0.235808,1637349513.25
651,0.235808,1637349513.5
652,0.235808,1637349513.75
653,0.235808,1637349514.0
654,0.233244,1637349514.25
655,0.237089,1637349514.5
656,0.234526,1637349514.75
657,0.235808,1637349515.0
658,0.235808,1637349515.25
659,0.234526,1637349515.5
660,0.233244,1637349515.75
661,0.235808,1637349516.0
662,0.237089,1637349516.25
663,0.234526,1637349516.5
664,0.235808,1637349516.75
665,0.237089,1637349517.0
666,0.239652,1637349517.25
667,0.238371,1637349517.5
668,0.238371,1637349517.75
669,0.237089,1637349518.0
670,0.235808,1637349518.25
671,0.238371,1637349518.5
672,0.239652,1637349518.75
673,0.239652,1637349519.0
674,0.233244,1637349519.25
675,0.2294,1637349519.5
676,0.230681,1637349519.75
677,0.231963,1637349520.0
678,0.228118,1637349520.25
679,0.230681,1637349520.5
680,0.226837,1637349520.75
681,0.228118,1637349521.0
682,0.231963,1637349521.25
683,0.231963,1637349521.5
684,0.231963,1637349521.75
685,0.228118,1637349522.0
686,0.228118,1637349522.25
687,0.231963,1637349522.5
688,0.231963,1637349522.75
689,0.2294,1637349523.0
690,0.228118,1637349523.25
691,0.228118,1637349523.5
692,0.230681,1637349523.75
693,0.231963,1637349524.0
694,0.231963,1637349524.25
695,0.231963,1637349524.5
696,0.228118,1637349524.75
697,0.228118,1637349525.0
698,0.231963,1637349525.25
699,0.231963,1637349525.5
700,0.230681,1637349525.75
701,0.230681,1637349526.0
702,0.228118,1637349526.25
703,0.231963,1637349526.5
704,0.231963,1637349526.75
705,0.233244,1637349527.0
706,0.230681,1637349527.25
707,0.2294,1637349527.5
708,0.2294,1637349527.75
709,0.231963,1637349528.0
710,0.233244,1637349528.25
711,0.231963,1637349528.5
712,0.2294,1637349528.75
713,0.231963,1637349529.0
714,0.228118,1637349529.25
715,0.226837,1637349529.5
716,0.226837,1637349529.75
717,0.225555,1637349530.0
718,0.222992,1637349530.25
719,0.224273,1637349530.5
720,0.226837,1637349530.75
721,0.225555,1637349531.0
722,0.224273,1637349531.25
723,0.226837,1637349531.5
724,0.222992,1637349531.75
725,0.224273,1637349532.0
726,0.226837,1637349532.25
727,0.226837,1637349532.5
728,0.226837,1637349532.75
729,0.222992,1637349533.0
730,0.222992,1637349533.25
731,0.222992,1637349533.5
732,0.226837,1637349533.75
733,0.226837,1637349534.0
734,0.230681,1637349534.25
735,0.230681,1637349534.5
736,0.230681,1637349534.75
737,0.237089,1637349535.0
738,0.237089,1637349535.25
739,0.239652,1637349535.5
740,0.239652,1637349535.75
741,0.238371,1637349536.0
742,0.247342,1637349536.25
743,0.243497,1637349536.5
744,0.215303,1637349536.75
745,0.217866,1637349537.0
746,0.219147,1637349537.25
747,0.214021,1637349537.5
748,0.220429,1637349537.75
749,0.230681,1637349538.0
750,0.231963,1637349538.25
751,0.231963,1637349538.5
752,0.2294,1637349538.75
753,0.2294,1637349539.0
754,0.2294,1637349539.25
755,0.2294,1637349539.5
756,0.231963,1637349539.75
757,0.228118,1637349540.0
758,0.226837,1637349540.25
759,0.226837,1637349540.5
760,0.2294,1637349540.75
761,0.2294,1637349541.0
762,0.230681,1637349541.25
763,0.228118,1637349541.5
764,0.225555,1637349541.75
765,0.228118,1637349542.0
766,0.226837,1637349542.25
767,0.230681,1637349542.5
768,0.2294,1637349542.75
769,0.231963,1637349543.0
770,0.228118,1637349543.25
771,0.228118,1637349543.5
772,0.2294,1637349543.75
773,0.233244,1637349544.0
774,0.235808,1637349544.25
775,0.235808,1637349544.5
776,0.231963,1637349544.75
777,0.2294,1637349545.0
778,0.235808,1637349545.25
779,0.237089,1637349545.5
780,0.235808,1637349545.75
781,0.237089,1637349546.0
782,0.233244,1637349546.25
783,0.231963,1637349546.5
784,0.235808,1637349546.75
785,0.235808,1637349547.0
786,0.239652,1637349547.25
787,0.234526,1637349547.5
788,0.230681,1637349547.75
789,0.234526,1637349548.0
790,0.238371,1637349548.25
791,0.238371,1637349548.5
792,0.238371,1637349548.75
793,0.235808,1637349549.0
794,0.237089,1637349549.25
795,0.240934,1637349549.5
796,0.240934,1637349549.75
797,0.240934,1637349550.0
798,0.238371,1637349550.25
799,0.237089,1637349550.5
800,0.238371,1637349550.75
801,0.243497,1637349551.0
802,0.242215,1637349551.25
803,0.233244,1637349551.5
804,0.233244,1637349551.75
805,0.231963,1637349552.0
806,0.233244,1637349552.25
807,0.237089,1637349552.5
808,0.239652,1637349552.75
809,0.242215,1637349553.0
810,0.234526,1637349553.25
811,0.238371,1637349553.5
812,0.243497,1637349553.75
813,0.243497,1637349554.0
814,0.244778,1637349554.25
815,0.239652,1637349554.5
816,0.240934,1637349554.75
817,0.243497,1637349555.0
818,0.234526,1637349555.25
819,0.228118,1637349555.5
820,0.237089,1637349555.75
821,0.238371,1637349556.0
822,0.238371,1637349556.25
823,0.243497,1637349556.5
824,0.242215,1637349556.75
825,0.24606,1637349557.0
826,0.240934,1637349557.25
827,0.240934,1637349557.5
828,0.235808,1637349557.75
829,0.238371,1637349558.0
830,0.238371,1637349558.25
831,0.238371,1637349558.5
832,0.234526,1637349558.75
833,0.2294,1637349559.0
834,0.226837,1637349559.25
835,0.230681,1637349559.5
836,0.230681,1637349559.75
837,0.2294,1637349560.0
838,0.228118,1637349560.25
839,0.233244,1637349560.5
840,0.235808,1637349560.75
841,0.237089,1637349561.0
842,0.239652,1637349561.25
843,0.251186,1637349561.5
844,0.257594,1637349561.75
845,0.260157,1637349562.0
846,0.260157,1637349562.25
847,0.260157,1637349562.5
848,0.252468,1637349562.75
849,0.251186,1637349563.0
850,0.255031,1637349563.25
851,0.260157,1637349563.5
852,0.257594,1637349563.75
853,0.257594,1637349564.0
854,0.248623,1637349564.25
855,0.238371,1637349564.5
856,0.231963,1637349564.75
857,0.233244,1637349565.0
858,0.231963,1637349565.25
859,0.231963,1637349565.5
860,0.233244,1637349565.75
861,0.231963,1637349566.0
862,0.239652,1637349566.25
863,0.238371,1637349566.5
864,0.240934,1637349566.75
865,0.238371,1637349567.0
866,0.238371,1637349567.25
867,0.239652,1637349567.5
868,0.243497,1637349567.75
869,0.243497,1637349568.0
870,0.243497,1637349568.25
871,0.237089,1637349568.5
872,0.239652,1637349568.75
873,0.238371,1637349569.0
874,0.240934,1637349569.25
875,0.240934,1637349569.5
876,0.237089,1637349569.75
877,0.235808,1637349570.0
878,0.234526,1637349570.25
879,0.235808,1637349570.5
880,0.239652,1637349570.75
881,0.243497,1637349571.0
882,0.252468,1637349571.25
883,0.244778,1637349571.5
884,0.248623,1637349571.75
885,0.251186,1637349572.0
886,0.252468,1637349572.25
887,0.24606,1637349572.5
888,0.244778,1637349572.75
889,0.252468,1637349573.0
890,0.257594,1637349573.25
891,0.261439,1637349573.5
892,0.260157,1637349573.75
893,0.258876,1637349574.0
894,0.258876,1637349574.25
895,0.258876,1637349574.5
896,0.261439,1637349574.75
897,0.255031,1637349575.0
898,0.24606,1637349575.25
899,0.251186,1637349575.5
900,0.251186,1637349575.75
901,0.252468,1637349576.0
902,0.251186,1637349576.25
903,0.247342,1637349576.5
904,0.247342,1637349576.75
905,0.24606,1637349577.0
906,0.244778,1637349577.25
907,0.242215,1637349577.5
908,0.234526,1637349577.75
909,0.231963,1637349578.0
910,0.235808,1637349578.25
911,0.238371,1637349578.5
912,0.237089,1637349578.75
913,0.233244,1637349579.0
914,0.233244,1637349579.25
915,0.234526,1637349579.5
916,0.235808,1637349579.75
917,0.235808,1637349580.0
918,0.231963,1637349580.25
919,0.234526,1637349580.5
920,0.231963,1637349580.75
921,0.235808,1637349581.0
922,0.237089,1637349581.25
923,0.233244,1637349581.5
924,0.231963,1637349581.75
925,0.233244,1637349582.0
926,0.234526,1637349582.25
927,0.235808,1637349582.5
928,0.231963,1637349582.75
929,0.231963,1637349583.0
930,0.234526,1637349583.25
931,0.233244,1637349583.5
932,0.234526,1637349583.75
933,0.230681,1637349584.0
934,0.230681,1637349584.25
935,0.234526,1637349584.5
936,0.234526,1637349584.75
937,0.235808,1637349585.0
938,0.231963,1637349585.25
939,0.233244,1637349585.5
940,0.234526,1637349585.75
941,0.234526,1637349586.0
942,0.233244,1637349586.25
943,0.230681,1637349586.5
944,0.231963,1637349586.75
945,0.234526,1637349587.0
946,0.234526,1637349587.25
947,0.234526,1637349587.5
948,0.233244,1637349587.75
949,0.233244,1637349588.0
950,0.234526,1637349588.25
951,0.238371,1637349588.5
952,0.238371,1637349588.75
953,0.237089,1637349589.0
954,0.235808,1637349589.25
955,0.237089,1637349589.5
956,0.237089,1637349589.75
957,0.238371,1637349590.0
958,0.239652,1637349590.25
959,0.234526,1637349590.5
960,0.235808,1637349590.75
961,0.238371,1637349591.0
962,0.238371,1637349591.25
963,0.239652,1637349591.5
964,0.238371,1637349591.75
965,0.235808,1637349592.0
966,0.239652,1637349592.25
967,0.239652,1637349592.5
968,0.242215,1637349592.75
969,0.235808,1637349593.0
970,0.235808,1637349593.25
971,0.238371,1637349593.5
972,0.238371,1637349593.75
973,0.239652,1637349594.0
974,0.235808,1637349594.25
975,0.233244,1637349594.5
976,0.238371,1637349594.75
977,0.239652,1637349595.0
978,0.239652,1637349595.25
979,0.235808,1637349595.5
980,0.235808,1637349595.75
981,0.239652,1637349596.0
982,0.239652,1637349596.25
983,0.239652,1637349596.5
984,0.235808,1637349596.75
985,0.237089,1637349597.0
986,0.234526,1637349597.25
987,0.240934,1637349597.5
988,0.242215,1637349597.75
989,0.244778,1637349598.0
990,0.237089,1637349598.25
991,0.235808,1637349598.5
992,0.237089,1637349598.75
993,0.234526,1637349599.0
994,0.235808,1637349599.25
995,0.235808,1637349599.5
996,0.239652,1637349599.75
997,0.244778,1637349600.0
998,0.244778,1637349600.25
999,0.249905,1637349600.5
1000,0.24606,1637349600.75
1001,0.24606,1637349601.0
1002,0.244778,1637349601.25
1003,0.239652,1637349601.5
1004,0.239652,1637349601.75
1005,0.243497,1637349602.0
1006,0.240934,1637349602.25
1007,0.240934,1637349602.5
1008,0.242215,1637349602.75
1009,0.244778,1637349603.0
1010,0.24606,1637349603.25
1011,0.242215,1637349603.5
1012,0.240934,1637349603.75
1013,0.240934,1637349604.0
1014,0.243497,1637349604.25
1015,0.244778,1637349604.5
1016,0.244778,1637349604.75
1017,0.240934,1637349605.0
1018,0.239652,1637349605.25
1019,0.240934,1637349605.5
1020,0.243497,1637349605.75
1021,0.244778,1637349606.0
1022,0.239652,1637349606.25
1023,0.239652,1637349606.5
1024,0.244778,1637349606.75
1025,0.244778,1637349607.0
1026,0.244778,1637349607.25
1027,0.239652,1637349607.5
1028,0.242215,1637349607.75
1029,0.242215,1637349608.0
1030,0.242215,1637349608.25
1031,0.244778,1637349608.5
1032,0.239652,1637349608.75
1033,0.240934,1637349609.0
1034,0.243497,1637349609.25
1035,0.244778,1637349609.5
1036,0.244778,1637349609.75
1037,0.24606,1637349610.0
1038,0.251186,1637349610.25
1039,0.251186,1637349610.5
1040,0.252468,1637349610.75
1041,0.247342,1637349611.0
1042,0.248623,1637349611.25
1043,0.258876,1637349611.5
1044,0.252468,1637349611.75
1045,0.252468,1637349612.0
1046,0.248623,1637349612.25
1047,0.249905,1637349612.5
1048,0.252468,1637349612.75
1049,0.256313,1637349613.0
1050,0.251186,1637349613.25
1051,0.251186,1637349613.5
1052,0.248623,1637349613.75
1053,0.252468,1637349614.0
1054,0.253749,1637349614.25
1055,0.249905,1637349614.5
1056,0.252468,1637349614.75
1057,0.253749,1637349615.0
1058,0.252468,1637349615.25
1059,0.253749,1637349615.5
1060,0.249905,1637349615.75
1061,0.249905,1637349616.0
1062,0.252468,1637349616.25
1063,0.252468,1637349616.5
1064,0.255031,1637349616.75
1065,0.247342,1637349617.0
1066,0.243497,1637349617.25
1067,0.243497,1637349617.5
1068,0.243497,1637349617.75
1069,0.243497,1637349618.0
1070,0.239652,1637349618.25
1071,0.24606,1637349618.5
1072,0.257594,1637349618.75
1073,0.26272,1637349619.0
1074,0.260157,1637349619.25
1075,0.261439,1637349619.5
1076,0.260157,1637349619.75
1077,0.261439,1637349620.0
1078,0.261439,1637349620.25
1079,0.264002,1637349620.5
1080,0.265283,1637349620.75
1081,0.26272,1637349621.0
1082,0.258876,1637349621.25
1083,0.266565,1637349621.5
1084,0.265283,1637349621.75
1085,0.264002,1637349622.0
1086,0.264002,1637349622.25
1087,0.266565,1637349622.5
1088,0.269128,1637349622.75
1089,0.267847,1637349623.0
1090,0.267847,1637349623.25
1091,0.264002,1637349623.5
1092,0.266565,1637349623.75
1093,0.267847,1637349624.0
1094,0.267847,1637349624.25
1095,0.267847,1637349624.5
1096,0.264002,1637349624.75
1097,0.264002,1637349625.0
1098,0.267847,1637349625.25
1099,0.266565,1637349625.5
1100,0.267847,1637349625.75
1101,0.266565,1637349626.0
1102,0.265283,1637349626.25
1103,0.265283,1637349626.5
1104,0.27041,1637349626.75
1105,0.269128,1637349627.0
1106,0.267847,1637349627.25
1107,0.265283,1637349627.5
1108,0.266565,1637349627.75
1109,0.266565,1637349628.0
1110,0.269128,1637349628.25
1111,0.27041,1637349628.5
1112,0.265283,1637349628.75
1113,0.266565,1637349629.0
1114,0.265283,1637349629.25
1115,0.274254,1637349629.5
1116,0.27041,1637349629.75
1117,0.267847,1637349630.0
1118,0.265283,1637349630.25
1119,0.266565,1637349630.5
1120,0.27041,1637349630.75
1121,0.27041,1637349631.0
1122,0.269128,1637349631.25
1123,0.266565,1637349631.5
1124,0.27041,1637349631.75
1125,0.27041,1637349632.0
1126,0.27041,1637349632.25
1127,0.27041,1637349632.5
1128,0.266565,1637349632.75
1129,0.265283,1637349633.0
1130,0.27041,1637349633.25
1131,0.271691,1637349633.5
1132,0.27041,1637349633.75
1133,0.269128,1637349634.0
1134,0.266565,1637349634.25
1135,0.267847,1637349634.5
1136,0.27041,1637349634.75
1137,0.27041,1637349635.0
1138,0.269128,1637349635.25
1139,0.266565,1637349635.5
1140,0.265283,1637349635.75
1141,0.27041,1637349636.0
1142,0.271691,1637349636.25
1143,0.266565,1637349636.5
1144,0.266565,1637349636.75
1145,0.27041,1637349637.0
1146,0.271691,1637349637.25
1147,0.271691,1637349637.5
1148,0.271691,1637349637.75
1149,0.267847,1637349638.0
1150,0.267847,1637349638.25
1151,0.27041,1637349638.5
1152,0.271691,1637349638.75
1153,0.27041,1637349639.0
1154,0.267847,1637349639.25
1155,0.267847,1637349639.5
1156,0.27041,1637349639.75
1157,0.271691,1637349640.0
1158,0.272973,1637349640.25
1159,0.267847,1637349640.5
1160,0.27041,1637349640.75
1161,0.271691,1637349641.0
1162,0.269128,1637349641.25
1163,0.272973,1637349641.5
1164,0.267847,1637349641.75
1165,0.267847,1637349642.0
1166,0.269128,1637349642.25
1167,0.27041,1637349642.5
1168,0.271691,1637349642.75
1169,0.27041,1637349643.0
1170,0.267847,1637349643.25
1171,0.269128,1637349643.5
1172,0.272973,1637349643.75
1173,0.271691,1637349644.0
1174,0.272973,1637349644.25
1175,0.267847,1637349644.5
1176,0.271691,1637349644.75
1177,0.272973,1637349645.0
1178,0.272973,1637349645.25
1179,0.271691,1637349645.5
1180,0.274254,1637349645.75
1181,0.269128,1637349646.0
1182,0.269128,1637349646.25
1183,0.274254,1637349646.5
1184,0.27041,1637349646.75
1185,0.272973,1637349647.0
1186,0.27041,1637349647.25
1187,0.27041,1637349647.5
1188,0.272973,1637349647.75
1189,0.274254,1637349648.0
1190,0.274254,1637349648.25
1191,0.27041,1637349648.5
1192,0.271691,1637349648.75
1193,0.272973,1637349649.0
1194,0.272973,1637349649.25
1195,0.271691,1637349649.5
1196,0.27041,1637349649.75
1197,0.27041,1637349650.0
1198,0.27041,1637349650.25
1199,0.274254,1637349650.5
1200,0.274254,1637349650.75
1201,0.275536,1637349651.0
1202,0.27041,1637349651.25
1203,0.27041,1637349651.5
1204,0.272973,1637349651.75
1205,0.274254,1637349652.0
1206,0.274254,1637349652.25
1207,0.27041,1637349652.5
1208,0.271691,1637349652.75
1209,0.271691,1637349653.0
1210,0.274254,1637349653.25
1211,0.274254,1637349653.5
1212,0.275536,1637349653.75
1213,0.27041,1637349654.0
1214,0.271691,1637349654.25
1215,0.274254,1637349654.5
1216,0.274254,1637349654.75
1217,0.271691,1637349655.0
1218,0.272973,1637349655.25
1219,0.274254,1637349655.5
1220,0.274254,1637349655.75
1221,0.274254,1637349656.0
1222,0.274254,1637349656.25
1223,0.276818,1637349656.5
1224,0.271691,1637349656.75
1225,0.271691,1637349657.0
1226,0.274254,1637349657.25
1227,0.275536,1637349657.5
1228,0.274254,1637349657.75
1229,0.272973,1637349658.0
1230,0.271691,1637349658.25
1231,0.275536,1637349658.5
1232,0.276818,1637349658.75
1233,0.276818,1637349659.0
1234,0.271691,1637349659.25
1235,0.274254,1637349659.5
1236,0.274254,1637349659.75
1237,0.275536,1637349660.0
1238,0.276818,1637349660.25
1239,0.272973,1637349660.5
1240,0.271691,1637349660.75
1241,0.272973,1637349661.0
1242,0.276818,1637349661.25
1243,0.275536,1637349661.5
1244,0.276818,1637349661.75
1245,0.274254,1637349662.0
1246,0.272973,1637349662.25
1247,0.275536,1637349662.5
1248,0.276818,1637349662.75
1249,0.278099,1637349663.0
1250,0.271691,1637349663.25
1251,0.271691,1637349663.5
1252,0.271691,1637349663.75
1253,0.272973,1637349664.0
1254,0.274254,1637349664.25
1255,0.274254,1637349664.5
1256,0.275536,1637349664.75
1257,0.275536,1637349665.0
1258,0.278099,1637349665.25
1259,0.276818,1637349665.5
1260,0.276818,1637349665.75
1261,0.272973,1637349666.0
1262,0.272973,1637349666.25
1263,0.278099,1637349666.5
1264,0.278099,1637349666.75
1265,0.278099,1637349667.0
1266,0.272973,1637349667.25
1267,0.274254,1637349667.5
1268,0.276818,1637349667.75
1269,0.278099,1637349668.0
1270,0.275536,1637349668.25
1271,0.275536,1637349668.5
1272,0.27041,1637349668.75
1273,0.276818,1637349669.0
1274,0.278099,1637349669.25
1275,0.278099,1637349669.5
1276,0.279381,1637349669.75
1277,0.276818,1637349670.0
1278,0.274254,1637349670.25
1279,0.280662,1637349670.5
1280,0.279381,1637349670.75
1281,0.279381,1637349671.0
1282,0.274254,1637349671.25
1283,0.272973,1637349671.5
1284,0.279381,1637349671.75
1285,0.278099,1637349672.0
1286,0.278099,1637349672.25
1287,0.276818,1637349672.5
1288,0.274254,1637349672.75
1289,0.276818,1637349673.0
1290,0.279381,1637349673.25
1291,0.278099,1637349673.5
1292,0.278099,1637349673.75
1293,0.276818,1637349674.0
1294,0.272973,1637349674.25
1295,0.280662,1637349674.5
1296,0.279381,1637349674.75
1297,0.278099,1637349675.0
1298,0.275536,1637349675.25
1299,0.278099,1637349675.5
1300,0.279381,1637349675.75
1301,0.279381,1637349676.0
1302,0.279381,1637349676.25
1303,0.275536,1637349676.5
1304,0.275536,1637349676.75
1305,0.278099,1637349677.0
1306,0.278099,1637349677.25
1307,0.280662,1637349677.5
1308,0.278099,1637349677.75
1309,0.276818,1637349678.0
1310,0.279381,1637349678.25
1311,0.280662,1637349678.5
1312,0.280662,1637349678.75
1313,0.276818,1637349679.0
1314,0.276818,1637349679.25
1315,0.279381,1637349679.5
1316,0.279381,1637349679.75
1317,0.280662,1637349680.0
1318,0.276818,1637349680.25
1319,0.276818,1637349680.5
1320,0.279381,1637349680.75
1321,0.279381,1637349681.0
1322,0.280662,1637349681.25
1323,0.276818,1637349681.5
1324,0.279381,1637349681.75
1325,0.280662,1637349682.0
1326,0.280662,1637349682.25
1327,0.279381,1637349682.5
1328,0.276818,1637349682.75
1329,0.276818,1637349683.0
1330,0.280662,1637349683.25
1331,0.279381,1637349683.5
1332,0.280662,1637349683.75
1333,0.276818,1637349684.0
1334,0.276818,1637349684.25
1335,0.280662,1637349684.5
1336,0.281944,1637349684.75
1337,0.281944,1637349685.0
1338,0.274254,1637349685.25
1339,0.278099,1637349685.5
1340,0.281944,1637349685.75
1341,0.281944,1637349686.0
1342,0.281944,1637349686.25
1343,0.279381,1637349686.5
1344,0.278099,1637349686.75
1345,0.280662,1637349687.0
1346,0.281944,1637349687.25
1347,0.281944,1637349687.5
1348,0.280662,1637349687.75
1349,0.276818,1637349688.0
1350,0.278099,1637349688.25
1351,0.278099,1637349688.5
1352,0.280662,1637349688.75
1353,0.281944,1637349689.0
1354,0.281944,1637349689.25
1355,0.280662,1637349689.5
1356,0.278099,1637349689.75
1357,0.278099,1637349690.0
1358,0.281944,1637349690.25
1359,0.281944,1637349690.5
1360,0.280662,1637349690.75
1361,0.278099,1637349691.0
1362,0.279381,1637349691.25
1363,0.281944,1637349691.5
1364,0.283225,1637349691.75
1365,0.283225,1637349692.0
1366,0.278099,1637349692.25
1367,0.280662,1637349692.5
1368,0.279381,1637349692.75
1369,0.281944,1637349693.0
1370,0.281944,1637349693.25
1371,0.279381,1637349693.5
1372,0.278099,1637349693.75
1373,0.280662,1637349694.0
1374,0.283225,1637349694.25
1375,0.283225,1637349694.5
1376,0.283225,1637349694.75
1377,0.281944,1637349695.0
1378,0.279381,1637349695.25
1379,0.279381,1637349695.5
1380,0.283225,1637349695.75
1381,0.281944,1637349696.0
1382,0.281944,1637349696.25
1383,0.281944,1637349696.5
1384,0.279381,1637349696.75
1385,0.283225,1637349697.0
1386,0.283225,1637349697.25
1387,0.284507,1637349697.5
1388,0.284507,1637349697.75
1389,0.279381,1637349698.0
1390,0.280662,1637349698.25
1391,0.283225,1637349698.5
1392,0.283225,1637349698.75
1393,0.281944,1637349699.0
1394,0.284507,1637349699.25
1395,0.278099,1637349699.5
1396,0.283225,1637349699.75
1397,0.284507,1637349700.0
1398,0.283225,1637349700.25
1399,0.284507,1637349700.5
1400,0.280662,1637349700.75
1401,0.283225,1637349701.0
1402,0.281944,1637349701.25
1403,0.285788,1637349701.5
1404,0.281944,1637349701.75
1405,0.285788,1637349702.0
1406,0.280662,1637349702.25
1407,0.283225,1637349702.5
1408,0.28707,1637349702.75
1409,0.285788,1637349703.0
1410,0.285788,1637349703.25
1411,0.284507,1637349703.5
1412,0.281944,1637349703.75
1413,0.285788,1637349704.0
1414,0.285788,1637349704.25
1415,0.283225,1637349704.5
1416,0.281944,1637349704.75
1417,0.281944,1637349705.0
1418,0.284507,1637349705.25
1419,0.285788,1637349705.5
1420,0.28707,1637349705.75
1421,0.284507,1637349706.0
1422,0.281944,1637349706.25
1423,0.284507,1637349706.5
1424,0.284507,1637349706.75
1425,0.284507,1637349707.0
1426,0.284507,1637349707.25
1427,0.281944,1637349707.5
1428,0.281944,1637349707.75
1429,0.285788,1637349708.0
1430,0.285788,1637349708.25
1431,0.28707,1637349708.5
1432,0.281944,1637349708.75
1433,0.281944,1637349709.0
1434,0.285788,1637349709.25
1435,0.28707,1637349709.5
1436,0.28707,1637349709.75
1437,0.280662,1637349710.0
1438,0.283225,1637349710.25
1439,0.284507,1637349710.5
1440,0.28707,1637349710.75
1441,0.285788,1637349711.0
1442,0.28707,1637349711.25
1443,0.283225,1637349711.5
1444,0.283225,1637349711.75
1445,0.28707,1637349712.0
1446,0.28707,1637349712.25
1447,0.285788,1637349712.5
1448,0.281944,1637349712.75
1449,0.285788,1637349713.0
1450,0.281944,1637349713.25
1451,0.285788,1637349713.5
1452,0.28707,1637349713.75
1453,0.28707,1637349714.0
1454,0.284507,1637349714.25
1455,0.285788,1637349714.5
1456,0.28707,1637349714.75
1457,0.28707,1637349715.0
1458,0.288352,1637349715.25
1459,0.283225,1637349715.5
1460,0.284507,1637349715.75
1461,0.284507,1637349716.0
1462,0.288352,1637349716.25
1463,0.28707,1637349716.5
1464,0.288352,1637349716.75
1465,0.284507,1637349717.0
1466,0.284507,1637349717.25
1467,0.288352,1637349717.5
1468,0.28707,1637349717.75
1469,0.288352,1637349718.0
1470,0.280662,1637349718.25
1471,0.284507,1637349718.5
1472,0.284507,1637349718.75
1473,0.288352,1637349719.0
1474,0.289633,1637349719.25
1475,0.289633,1637349719.5
1476,0.28707,1637349719.75
1477,0.285788,1637349720.0
1478,0.284507,1637349720.25
1479,0.288352,1637349720.5
1480,0.289633,1637349720.75
1481,0.28707,1637349721.0
1482,0.284507,1637349721.25
1483,0.285788,1637349721.5
1484,0.288352,1637349721.75
1485,0.288352,1637349722.0
1486,0.288352,1637349722.25
1487,0.288352,1637349722.5
1488,0.28707,1637349722.75
1489,0.284507,1637349723.0
1490,0.288352,1637349723.25
1491,0.289633,1637349723.5
1492,0.290915,1637349723.75
1493,0.290915,1637349724.0
1494,0.285788,1637349724.25
1495,0.288352,1637349724.5
1496,0.292196,1637349724.75
1497,0.289633,1637349725.0
1498,0.292196,1637349725.25
1499,0.285788,1637349725.5
1500,0.285788,1637349725.75
1501,0.289633,1637349726.0
1502,0.289633,1637349726.25
1503,0.289633,1637349726.5
1504,0.288352,1637349726.75
1505,0.28707,1637349727.0
1506,0.28707,1637349727.25
1507,0.289633,1637349727.5
1508,0.288352,1637349727.75
1509,0.288352,1637349728.0
1510,0.28707,1637349728.25
1511,0.28707,1637349728.5
1512,0.290915,1637349728.75
1513,0.290915,1637349729.0
1514,0.28707,1637349729.25
1515,0.285788,1637349729.5
1516,0.28707,1637349729.75
1517,0.288352,1637349730.0
1518,0.290915,1637349730.25
1519,0.290915,1637349730.5
1520,0.288352,1637349730.75
1521,0.289633,1637349731.0
1522,0.28707,1637349731.25
1523,0.290915,1637349731.5
1524,0.290915,1637349731.75
1525,0.288352,1637349732.0
1526,0.28707,1637349732.25
1527,0.28707,1637349732.5
1528,0.289633,1637349732.75
1529,0.289633,1637349733.0
1530,0.292196,1637349733.25
1531,0.28707,1637349733.5
1532,0.289633,1637349733.75
1533,0.288352,1637349734.0
1534,0.292196,1637349734.25
1535,0.292196,1637349734.5
1536,0.290915,1637349734.75
1537,0.28707,1637349735.0
1538,0.28707,1637349735.25
1539,0.292196,1637349735.5
1540,0.290915,1637349735.75
1541,0.292196,1637349736.0
1542,0.289633,1637349736.25
1543,0.288352,1637349736.5
1544,0.290915,1637349736.75
1545,0.294759,1637349737.0
1546,0.290915,1637349737.25
1547,0.290915,1637349737.5
1548,0.290915,1637349737.75
1549,0.289633,1637349738.0
1550,0.288352,1637349738.25
1551,0.292196,1637349738.5
1552,0.293478,1637349738.75
1553,0.293478,1637349739.0
1554,0.288352,1637349739.25
1555,0.289633,1637349739.5
1556,0.292196,1637349739.75
1557,0.292196,1637349740.0
1558,0.289633,1637349740.25
1559,0.290915,1637349740.5
1560,0.290915,1637349740.75
1561,0.289633,1637349741.0
1562,0.292196,1637349741.25
1563,0.292196,1637349741.5
1564,0.293478,1637349741.75
1565,0.289633,1637349742.0
1566,0.289633,1637349742.25
1567,0.293478,1637349742.5
1568,0.292196,1637349742.75
1569,0.292196,1637349743.0
1570,0.289633,1637349743.25
1571,0.288352,1637349743.5
1572,0.289633,1637349743.75
1573,0.292196,1637349744.0
1574,0.293478,1637349744.25
1575,0.294759,1637349744.5
1576,0.289633,1637349744.75
1577,0.289633,1637349745.0
1578,0.293478,1637349745.25
1579,0.294759,1637349745.5
1580,0.293478,1637349745.75
1581,0.289633,1637349746.0
1582,0.290915,1637349746.25
1583,0.292196,1637349746.5
1584,0.294759,1637349746.75
1585,0.293478,1637349747.0
1586,0.292196,1637349747.25
1587,0.290915,1637349747.5
1588,0.290915,1637349747.75
1589,0.293478,1637349748.0
1590,0.294759,1637349748.25
1591,0.293478,1637349748.5
1592,0.290915,1637349748.75
1593,0.289633,1637349749.0
1594,0.294759,1637349749.25
1595,0.294759,1637349749.5
1596,0.294759,1637349749.75
1597,0.293478,1637349750.0
1598,0.290915,1637349750.25
1599,0.290915,1637349750.5
1600,0.297323,1637349750.75
1601,0.294759,1637349751.0
1602,0.294759,1637349751.25
1603,0.290915,1637349751.5
1604,0.290915,1637349751.75
1605,0.292196,1637349752.0
1606,0.294759,1637349752.25
1607,0.294759,1637349752.5
1608,0.296041,1637349752.75
1609,0.290915,1637349753.0
1610,0.292196,1637349753.25
1611,0.292196,1637349753.5
1612,0.296041,1637349753.75
1613,0.293478,1637349754.0
1614,0.296041,1637349754.25
1615,0.292196,1637349754.5
1616,0.290915,1637349754.75
1617,0.292196,1637349755.0
1618,0.296041,1637349755.25
1619,0.296041,1637349755.5
1620,0.298604,1637349755.75
1621,0.294759,1637349756.0
1622,0.292196,1637349756.25
1623,0.292196,1637349756.5
1624,0.294759,1637349756.75
1625,0.296041,1637349757.0
1626,0.297323,1637349757.25
1627,0.292196,1637349757.5
1628,0.294759,1637349757.75
1629,0.290915,1637349758.0
1630,0.290915,1637349758.25
1631,0.293478,1637349758.5
1632,0.293478,1637349758.75
1633,0.290915,1637349759.0
1634,0.289633,1637349759.25
1635,0.28707,1637349759.5
1636,0.292196,1637349759.75
1637,0.289633,1637349760.0
1638,0.290915,1637349760.25
1639,0.28707,1637349760.5
1640,0.28707,1637349760.75
1641,0.289633,1637349761.0
1642,0.289633,1637349761.25
1643,0.289633,1637349761.5
1644,0.28707,1637349761.75
1645,0.285788,1637349762.0
1646,0.283225,1637349762.25
1647,0.28707,1637349762.5
1648,0.283225,1637349762.75
1649,0.292196,1637349763.0
1650,0.290915,1637349763.25
1651,0.293478,1637349763.5
1652,0.296041,1637349763.75
1653,0.296041,1637349764.0
1654,0.294759,1637349764.25
1655,0.294759,1637349764.5
1656,0.292196,1637349764.75
1657,0.289633,1637349765.0
1658,0.296041,1637349765.25
1659,0.296041,1637349765.5
1660,0.288352,1637349765.75
1661,0.281944,1637349766.0
1662,0.279381,1637349766.25
1663,0.275536,1637349766.5
1664,0.279381,1637349766.75
1665,0.279381,1637349767.0
1666,0.280662,1637349767.25
1667,0.279381,1637349767.5
1668,0.276818,1637349767.75
1669,0.278099,1637349768.0
1670,0.280662,1637349768.25
1671,0.281944,1637349768.5
1672,0.281944,1637349768.75
1673,0.281944,1637349769.0
1674,0.276818,1637349769.25
1675,0.275536,1637349769.5
1676,0.276818,1637349769.75
1677,0.284507,1637349770.0
1678,0.285788,1637349770.25
1679,0.28707,1637349770.5
1680,0.290915,1637349770.75
1681,0.289633,1637349771.0
1682,0.292196,1637349771.25
1683,0.293478,1637349771.5
1684,0.293478,1637349771.75
1685,0.292196,1637349772.0
1686,0.289633,1637349772.25
1687,0.290915,1637349772.5
1688,0.294759,1637349772.75
1689,0.294759,1637349773.0
1690,0.294759,1637349773.25
1691,0.293478,1637349773.5
1692,0.288352,1637349773.75
1693,0.28707,1637349774.0
1694,0.290915,1637349774.25
1695,0.290915,1637349774.5
1696,0.292196,1637349774.75
1697,0.28707,1637349775.0
1698,0.292196,1637349775.25
1699,0.289633,1637349775.5
1700,0.289633,1637349775.75
1701,0.293478,1637349776.0
1702,0.296041,1637349776.25
1703,0.292196,1637349776.5
1704,0.294759,1637349776.75
1705,0.298604,1637349777.0
1706,0.296041,1637349777.25
1707,0.296041,1637349777.5
1708,0.297323,1637349777.75
1709,0.293478,1637349778.0
1710,0.293478,1637349778.25
1711,0.296041,1637349778.5
1712,0.296041,1637349778.75
1713,0.298604,1637349779.0
1714,0.294759,1637349779.25
1715,0.293478,1637349779.5
1716,0.296041,1637349779.75
1717,0.296041,1637349780.0
1718,0.299886,1637349780.25
1719,0.294759,1637349780.5
1720,0.293478,1637349780.75
1721,0.297323,1637349781.0
1722,0.296041,1637349781.25
1723,0.296041,1637349781.5
1724,0.298604,1637349781.75
1725,0.293478,1637349782.0
1726,0.294759,1637349782.25
1727,0.298604,1637349782.5
1728,0.297323,1637349782.75
1729,0.298604,1637349783.0
1730,0.296041,1637349783.25
1731,0.294759,1637349783.5
1732,0.294759,1637349783.75
1733,0.297323,1637349784.0
1734,0.296041,1637349784.25
1735,0.299886,1637349784.5
1736,0.293478,1637349784.75
1737,0.294759,1637349785.0
1738,0.296041,1637349785.25
1739,0.299886,1637349785.5
1740,0.298604,1637349785.75
1741,0.299886,1637349786.0
1742,0.296041,1637349786.25
1743,0.296041,1637349786.5
1744,0.299886,1637349786.75
1745,0.298604,1637349787.0
1746,0.302449,1637349787.25
1747,0.297323,1637349787.5
1748,0.297323,1637349787.75
1749,0.298604,1637349788.0
1750,0.299886,1637349788.25
1751,0.301167,1637349788.5
1752,0.301167,1637349788.75
1753,0.296041,1637349789.0
1754,0.296041,1637349789.25
1755,0.297323,1637349789.5
1756,0.299886,1637349789.75
1757,0.301167,1637349790.0
1758,0.301167,1637349790.25
1759,0.297323,1637349790.5
1760,0.297323,1637349790.75
1761,0.30373,1637349791.0
1762,0.299886,1637349791.25
1763,0.301167,1637349791.5
1764,0.297323,1637349791.75
1765,0.297323,1637349792.0
1766,0.297323,1637349792.25
1767,0.299886,1637349792.5
1768,0.299886,1637349792.75
1769,0.301167,1637349793.0
1770,0.297323,1637349793.25
1771,0.297323,1637349793.5
1772,0.301167,1637349793.75
1773,0.302449,1637349794.0
1774,0.302449,1637349794.25
1775,0.299886,1637349794.5
1776,0.298604,1637349794.75
1777,0.297323,1637349795.0
1778,0.298604,1637349795.25
1779,0.297323,1637349795.5
1780,0.293478,1637349795.75
1781,0.285788,1637349796.0
1782,0.281944,1637349796.25
1783,0.280662,1637349796.5
1784,0.288352,1637349796.75
1785,0.290915,1637349797.0
1786,0.288352,1637349797.25
1787,0.28707,1637349797.5
1788,0.280662,1637349797.75
1789,0.279381,1637349798.0
1790,0.280662,1637349798.25
1791,0.276818,1637349798.5
1792,0.278099,1637349798.75
1793,0.272973,1637349799.0
1794,0.272973,1637349799.25
1795,0.272973,1637349799.5
1796,0.272973,1637349799.75
1797,0.274254,1637349800.0
1798,0.271691,1637349800.25
1799,0.267847,1637349800.5
1800,0.266565,1637349800.75
1801,0.269128,1637349801.0
1802,0.27041,1637349801.25
1803,0.27041,1637349801.5
1804,0.267847,1637349801.75
1805,0.266565,1637349802.0
1806,0.264002,1637349802.25
1807,0.266565,1637349802.5
1808,0.266565,1637349802.75
1809,0.266565,1637349803.0
1810,0.26272,1637349803.25
1811,0.260157,1637349803.5
1812,0.26272,1637349803.75
1813,0.264002,1637349804.0
1814,0.264002,1637349804.25
1815,0.265283,1637349804.5
1816,0.260157,1637349804.75
1817,0.261439,1637349805.0
1818,0.261439,1637349805.25
1819,0.261439,1637349805.5
1820,0.26272,1637349805.75
1821,0.260157,1637349806.0
1822,0.256313,1637349806.25
1823,0.257594,1637349806.5
1824,0.258876,1637349806.75
1825,0.260157,1637349807.0
1826,0.261439,1637349807.25
1827,0.258876,1637349807.5
1828,0.258876,1637349807.75
1829,0.260157,1637349808.0
1830,0.260157,1637349808.25
1831,0.260157,1637349808.5
1832,0.256313,1637349808.75
1833,0.252468,1637349809.0
1834,0.255031,1637349809.25
1835,0.261439,1637349809.5
1836,0.257594,1637349809.75
1837,0.257594,1637349810.0
1838,0.253749,1637349810.25
1839,0.253749,1637349810.5
1840,0.256313,1637349810.75
1841,0.257594,1637349811.0
1842,0.256313,1637349811.25
1843,0.255031,1637349811.5
1844,0.252468,1637349811.75
1845,0.255031,1637349812.0
1846,0.255031,1637349812.25
1847,0.256313,1637349812.5
1848,0.256313,1637349812.75
1849,0.253749,1637349813.0
1850,0.252468,1637349813.25
1851,0.257594,1637349813.5
1852,0.255031,1637349813.75
1853,0.255031,1637349814.0
1854,0.251186,1637349814.25
1855,0.249905,1637349814.5
1856,0.256313,1637349814.75
1857,0.255031,1637349815.0
1858,0.255031,1637349815.25
1859,0.251186,1637349815.5
1860,0.251186,1637349815.75
1861,0.253749,1637349816.0
1862,0.255031,1637349816.25
1863,0.255031,1637349816.5
1864,0.249905,1637349816.75
1865,0.249905,1637349817.0
1866,0.247342,1637349817.25
1867,0.252468,1637349817.5
1868,0.253749,1637349817.75
1869,0.249905,1637349818.0
1870,0.249905,1637349818.25
1871,0.251186,1637349818.5
1872,0.252468,1637349818.75
1873,0.252468,1637349819.0
1874,0.253749,1637349819.25
1875,0.248623,1637349819.5
1876,0.251186,1637349819.75
1877,0.249905,1637349820.0
1878,0.251186,1637349820.25
1879,0.252468,1637349820.5
1880,0.247342,1637349820.75
1881,0.247342,1637349821.0
1882,0.251186,1637349821.25
1883,0.251186,1637349821.5
1884,0.251186,1637349821.75
1885,0.248623,1637349822.0
1886,0.247342,1637349822.25
1887,0.249905,1637349822.5
1888,0.247342,1637349822.75
1889,0.249905,1637349823.0
1890,0.249905,1637349823.25
1891,0.248623,1637349823.5
1892,0.248623,1637349823.75
1893,0.248623,1637349824.0
1894,0.249905,1637349824.25
1895,0.248623,1637349824.5
1896,0.247342,1637349824.75
1897,0.24606,1637349825.0
1898,0.24606,1637349825.25
1899,0.247342,1637349825.5
1900,0.249905,1637349825.75
1901,0.249905,1637349826.0
1902,0.24606,1637349826.25
1903,0.24606,1637349826.5
1904,0.24606,1637349826.75
1905,0.248623,1637349827.0
1906,0.248623,1637349827.25
1907,0.248623,1637349827.5
1908,0.247342,1637349827.75
1909,0.247342,1637349828.0
1910,0.24606,1637349828.25
1911,0.248623,1637349828.5
1912,0.248623,1637349828.75
1913,0.24606,1637349829.0
1914,0.244778,1637349829.25
1915,0.247342,1637349829.5
1916,0.248623,1637349829.75
1917,0.248623,1637349830.0
1918,0.243497,1637349830.25
1919,0.243497,1637349830.5
1920,0.247342,1637349830.75
1921,0.244778,1637349831.0
1922,0.248623,1637349831.25
1923,0.244778,1637349831.5
1924,0.243497,1637349831.75
1925,0.243497,1637349832.0
1926,0.247342,1637349832.25
1927,0.24606,1637349832.5
1928,0.247342,1637349832.75
1929,0.243497,1637349833.0
1930,0.243497,1637349833.25
1931,0.24606,1637349833.5
1932,0.242215,1637349833.75
1933,0.24606,1637349834.0
1934,0.242215,1637349834.25
1935,0.242215,1637349834.5
1936,0.24606,1637349834.75
1937,0.24606,1637349835.0
1938,0.24606,1637349835.25
1939,0.242215,1637349835.5
1940,0.244778,1637349835.75
1941,0.243497,1637349836.0
1942,0.24606,1637349836.25
1943,0.244778,1637349836.5
1944,0.247342,1637349836.75
1945,0.243497,1637349837.0
1946,0.242215,1637349837.25
1947,0.244778,1637349837.5
1948,0.24606,1637349837.75
1949,0.24606,1637349838.0
1950,0.242215,1637349838.25
1951,0.243497,1637349838.5
1952,0.242215,1637349838.75
1953,0.24606,1637349839.0
1954,0.244778,1637349839.25
1955,0.24606,1637349839.5
1956,0.242215,1637349839.75
1957,0.243497,1637349840.0
1958,0.244778,1637349840.25
1959,0.244778,1637349840.5
1960,0.243497,1637349840.75
1961,0.24606,1637349841.0
1962,0.240934,1637349841.25
1963,0.243497,1637349841.5
1964,0.244778,1637349841.75
1965,0.242215,1637349842.0
1966,0.244778,1637349842.25
1967,0.242215,1637349842.5
1968,0.240934,1637349842.75
1969,0.242215,1637349843.0
1970,0.244778,1637349843.25
1971,0.244778,1637349843.5
1972,0.24606,1637349843.75
1973,0.243497,1637349844.0
1974,0.242215,1637349844.25
1975,0.243497,1637349844.5
1976,0.239652,1637349844.75
1977,0.24606,1637349845.0
1978,0.240934,1637349845.25
1979,0.240934,1637349845.5
1980,0.243497,1637349845.75
1981,0.24606,1637349846.0
1982,0.244778,1637349846.25
1983,0.24606,1637349846.5
1984,0.240934,1637349846.75
1985,0.240934,1637349847.0
1986,0.243497,1637349847.25
1987,0.242215,1637349847.5
1988,0.247342,1637349847.75
1989,0.239652,1637349848.0
1990,0.240934,1637349848.25
1991,0.240934,1637349848.5
1992,0.244778,1637349848.75
1993,0.244778,1637349849.0
1994,0.24606,1637349849.25
1995,0.242215,1637349849.5
1996,0.243497,1637349849.75
1997,0.244778,1637349850.0
1998,0.242215,1637349850.25
1999,0.24606,1637349850.5
2000,0.243497,1637349850.75
2001,0.242215,1637349851.0
2002,0.243497,1637349851.25
2003,0.243497,1637349851.5
2004,0.24606,1637349851.75
2005,0.240934,1637349852.0
2006,0.240934,1637349852.25
2007,0.243497,1637349852.5
2008,0.244778,1637349852.75
2009,0.242215,1637349853.0
2010,0.240934,1637349853.25
2011,0.242215,1637349853.5
2012,0.243497,1637349853.75
2013,0.244778,1637349854.0
2014,0.243497,1637349854.25
2015,0.244778,1637349854.5
2016,0.240934,1637349854.75
2017,0.240934,1637349855.0
2018,0.243497,1637349855.25
2019,0.244778,1637349855.5
2020,0.243497,1637349855.75
2021,0.240934,1637349856.0
2022,0.240934,1637349856.25
2023,0.243497,1637349856.5
2024,0.244778,1637349856.75
2025,0.244778,1637349857.0
2026,0.242215,1637349857.25
2027,0.240934,1637349857.5
2028,0.240934,1637349857.75
2029,0.244778,1637349858.0
2030,0.244778,1637349858.25
2031,0.242215,1637349858.5
2032,0.240934,1637349858.75
2033,0.243497,1637349859.0
2034,0.244778,1637349859.25
2035,0.244778,1637349859.5
2036,0.242215,1637349859.75
2037,0.24606,1637349860.0
2038,0.240934,1637349860.25
2039,0.240934,1637349860.5
2040,0.244778,1637349860.75
2041,0.244778,1637349861.0
2042,0.243497,1637349861.25
2043,0.243497,1637349861.5
2044,0.240934,1637349861.75
2045,0.240934,1637349862.0
2046,0.244778,1637349862.25
2047,0.243497,1637349862.5
2048,0.244778,1637349862.75
2049,0.243497,1637349863.0
2050,0.240934,1637349863.25
2051,0.240934,1637349863.5
2052,0.243497,1637349863.75
2053,0.243497,1637349864.0
2054,0.243497,1637349864.25
2055,0.242215,1637349864.5
2056,0.240934,1637349864.75
2057,0.244778,1637349865.0
2058,0.244778,1637349865.25
2059,0.24606,1637349865.5
2060,0.243497,1637349865.75
2061,0.242215,1637349866.0
2062,0.242215,1637349866.25
2063,0.247342,1637349866.5
2064,0.242215,1637349866.75
2065,0.244778,1637349867.0
2066,0.242215,1637349867.25
2067,0.242215,1637349867.5
2068,0.242215,1637349867.75
2069,0.243497,1637349868.0
2070,0.244778,1637349868.25
2071,0.24606,1637349868.5
2072,0.242215,1637349868.75
2073,0.242215,1637349869.0
2074,0.242215,1637349869.25
2075,0.244778,1637349869.5
2076,0.24606,1637349869.75
2077,0.24606,1637349870.0
2078,0.242215,1637349870.25
2079,0.242215,1637349870.5
2080,0.244778,1637349870.75
2081,0.24606,1637349871.0
2082,0.24606,1637349871.25
2083,0.242215,1637349871.5
2084,0.242215,1637349871.75
2085,0.242215,1637349872.0
2086,0.243497,1637349872.25
2087,0.24606,1637349872.5
2088,0.247342,1637349872.75
2089,0.243497,1637349873.0
2090,0.242215,1637349873.25
2091,0.244778,1637349873.5
2092,0.24606,1637349873.75
2093,0.24606,1637349874.0
2094,0.24606,1637349874.25
2095,0.242215,1637349874.5
2096,0.243497,1637349874.75
2097,0.243497,1637349875.0
2098,0.24606,1637349875.25
2099,0.244778,1637349875.5
2100,0.24606,1637349875.75
2101,0.243497,1637349876.0
2102,0.242215,1637349876.25
2103,0.244778,1637349876.5
2104,0.24606,1637349876.75
2105,0.24606,1637349877.0
2106,0.243497,1637349877.25
2107,0.242215,1637349877.5
2108,0.239652,1637349877.75
2109,0.244778,1637349878.0
2110,0.24606,1637349878.25
2111,0.24606,1637349878.5
2112,0.242215,1637349878.75
2113,0.243497,1637349879.0
2114,0.242215,1637349879.25
2115,0.24606,1637349879.5
2116,0.24606,1637349879.75
2117,0.244778,1637349880.0
2118,0.242215,1637349880.25
2119,0.242215,1637349880.5
2120,0.244778,1637349880.75
2121,0.247342,1637349881.0
2122,0.24606,1637349881.25
2123,0.243497,1637349881.5
2124,0.242215,1637349881.75
2125,0.242215,1637349882.0
2126,0.244778,1637349882.25
2127,0.244778,1637349882.5
2128,0.24606,1637349882.75
2129,0.242215,1637349883.0
2130,0.240934,1637349883.25
2131,0.24606,1637349883.5
2132,0.24606,1637349883.75
2133,0.244778,1637349884.0
2134,0.242215,1637349884.25
2135,0.243497,1637349884.5
2136,0.242215,1637349884.75
2137,0.243497,1637349885.0
2138,0.24606,1637349885.25
2139,0.24606,1637349885.5
2140,0.242215,1637349885.75
2141,0.238371,1637349886.0
2142,0.24606,1637349886.25
2143,0.24606,1637349886.5
2144,0.24606,1637349886.75
2145,0.243497,1637349887.0
2146,0.242215,1637349887.25
2147,0.244778,1637349887.5
2148,0.24606,1637349887.75
2149,0.24606,1637349888.0
2150,0.243497,1637349888.25
2151,0.242215,1637349888.5
2152,0.242215,1637349888.75
2153,0.247342,1637349889.0
2154,0.24606,1637349889.25
2155,0.244778,1637349889.5
2156,0.242215,1637349889.75
2157,0.242215,1637349890.0
2158,0.243497,1637349890.25
2159,0.243497,1637349890.5
2160,0.244778,1637349890.75
2161,0.240934,1637349891.0
2162,0.240934,1637349891.25
2163,0.240934,1637349891.5
2164,0.244778,1637349891.75
2165,0.244778,1637349892.0
2166,0.242215,1637349892.25
2167,0.242215,1637349892.5
2168,0.242215,1637349892.75
2169,0.243497,1637349893.0
2170,0.244778,1637349893.25
2171,0.243497,1637349893.5
2172,0.242215,1637349893.75
2173,0.242215,1637349894.0
2174,0.239652,1637349894.25
2175,0.242215,1637349894.5
2176,0.244778,1637349894.75
2177,0.239652,1637349895.0
2178,0.239652,1637349895.25
2179,0.242215,1637349895.5
2180,0.243497,1637349895.75
2181,0.243497,1637349896.0
2182,0.240934,1637349896.25
2183,0.239652,1637349896.5
2184,0.239652,1637349896.75
2185,0.242215,1637349897.0
2186,0.243497,1637349897.25
2187,0.239652,1637349897.5
2188,0.240934,1637349897.75
2189,0.238371,1637349898.0
2190,0.242215,1637349898.25
2191,0.242215,1637349898.5
2192,0.242215,1637349898.75
2193,0.240934,1637349899.0
2194,0.238371,1637349899.25
2195,0.238371,1637349899.5
2196,0.239652,1637349899.75
2197,0.242215,1637349900.0
2198,0.243497,1637349900.25
2199,0.238371,1637349900.5
2200,0.237089,1637349900.75
2201,0.240934,1637349901.0
2202,0.240934,1637349901.25
2203,0.239652,1637349901.5
2204,0.237089,1637349901.75
2205,0.238371,1637349902.0
2206,0.239652,1637349902.25
2207,0.238371,1637349902.5
2208,0.242215,1637349902.75
2209,0.238371,1637349903.0
2210,0.238371,1637349903.25
2211,0.239652,1637349903.5
2212,0.240934,1637349903.75
2213,0.243497,1637349904.0
2214,0.238371,1637349904.25
2215,0.238371,1637349904.5
2216,0.238371,1637349904.75
2217,0.242215,1637349905.0
2218,0.239652,1637349905.25
2219,0.240934,1637349905.5
2220,0.239652,1637349905.75
2221,0.238371,1637349906.0
2222,0.242215,1637349906.25
2223,0.242215,1637349906.5
2224,0.242215,1637349906.75
2225,0.238371,1637349907.0
2226,0.238371,1637349907.25
2227,0.240934,1637349907.5
2228,0.240934,1637349907.75
2229,0.238371,1637349908.0
2230,0.238371,1637349908.25
2231,0.238371,1637349908.5
2232,0.242215,1637349908.75
2233,0.242215,1637349909.0
2234,0.242215,1637349909.25
2235,0.239652,1637349909.5
2236,0.238371,1637349909.75
2237,0.242215,1637349910.0
2238,0.242215,1637349910.25
2239,0.242215,1637349910.5
2240,0.235808,1637349910.75
2241,0.238371,1637349911.0
2242,0.242215,1637349911.25
2243,0.242215,1637349911.5
2244,0.242215,1637349911.75
2245,0.238371,1637349912.0
2246,0.238371,1637349912.25
2247,0.238371,1637349912.5
2248,0.240934,1637349912.75
2249,0.242215,1637349913.0
2250,0.242215,1637349913.25
2251,0.234526,1637349913.5
2252,0.238371,1637349913.75
2253,0.242215,1637349914.0
2254,0.242215,1637349914.25
2255,0.242215,1637349914.5
2256,0.238371,1637349914.75
2257,0.238371,1637349915.0
2258,0.238371,1637349915.25
2259,0.240934,1637349915.5
2260,0.242215,1637349915.75
2261,0.240934,1637349916.0
2262,0.235808,1637349916.25
2263,0.238371,1637349916.5
2264,0.240934,1637349916.75
2265,0.242215,1637349917.0
2266,0.243497,1637349917.25
2267,0.238371,1637349917.5
2268,0.238371,1637349917.75
2269,0.240934,1637349918.0
2270,0.242215,1637349918.25
2271,0.242215,1637349918.5
2272,0.239652,1637349918.75
2273,0.235808,1637349919.0
2274,0.242215,1637349919.25
2275,0.240934,1637349919.5
2276,0.242215,1637349919.75
2277,0.238371,1637349920.0
2278,0.238371,1637349920.25
2279,0.240934,1637349920.5
2280,0.240934,1637349920.75
2281,0.242215,1637349921.0
2282,0.238371,1637349921.25
2283,0.239652,1637349921.5
2284,0.238371,1637349921.75
2285,0.238371,1637349922.0
2286,0.238371,1637349922.25
2287,0.239652,1637349922.5
2288,0.238371,1637349922.75
2289,0.242215,1637349923.0
2290,0.239652,1637349923.25
2291,0.239652,1637349923.5
2292,0.238371,1637349923.75
2293,0.238371,1637349924.0
2294,0.242215,1637349924.25
2295,0.238371,1637349924.5
2296,0.242215,1637349924.75
2297,0.238371,1637349925.0
2298,0.238371,1637349925.25
2299,0.240934,1637349925.5
2300,0.242215,1637349925.75
2301,0.240934,1637349926.0
2302,0.238371,1637349926.25
2303,0.239652,1637349926.5
2304,0.243497,1637349926.75
2305,0.242215,1637349927.0
2306,0.240934,1637349927.25
2307,0.240934,1637349927.5
2308,0.240934,1637349927.75
2309,0.242215,1637349928.0
2310,0.242215,1637349928.25
2311,0.242215,1637349928.5
2312,0.240934,1637349928.75
2313,0.240934,1637349929.0
2314,0.242215,1637349929.25
2315,0.243497,1637349929.5
2316,0.240934,1637349929.75
2317,0.238371,1637349930.0
2318,0.238371,1637349930.25
2319,0.242215,1637349930.5
2320,0.242215,1637349930.75
2321,0.238371,1637349931.0
2322,0.238371,1637349931.25
2323,0.242215,1637349931.5
2324,0.242215,1637349931.75
2325,0.242215,1637349932.0
2326,0.238371,1637349932.25
2327,0.240934,1637349932.5
2328,0.237089,1637349932.75
2329,0.242215,1637349933.0
2330,0.242215,1637349933.25
2331,0.238371,1637349933.5
2332,0.238371,1637349933.75
2333,0.242215,1637349934.0
2334,0.242215,1637349934.25
2335,0.239652,1637349934.5
2336,0.239652,1637349934.75
2337,0.239652,1637349935.0
2338,0.242215,1637349935.25
2339,0.240934,1637349935.5
2340,0.239652,1637349935.75
2341,0.238371,1637349936.0
2342,0.242215,1637349936.25
2343,0.243497,1637349936.5
2344,0.243497,1637349936.75
2345,0.238371,1637349937.0
2346,0.239652,1637349937.25
2347,0.240934,1637349937.5
2348,0.242215,1637349937.75
2349,0.242215,1637349938.0
2350,0.237089,1637349938.25
2351,0.239652,1637349938.5
2352,0.243497,1637349938.75
2353,0.242215,1637349939.0
2354,0.243497,1637349939.25
2355,0.239652,1637349939.5
2356,0.242215,1637349939.75
2357,0.242215,1637349940.0
2358,0.242215,1637349940.25
2359,0.244778,1637349940.5
2360,0.238371,1637349940.75
2361,0.237089,1637349941.0
2362,0.242215,1637349941.25
2363,0.243497,1637349941.5
2364,0.242215,1637349941.75
2365,0.240934,1637349942.0
2366,0.239652,1637349942.25
2367,0.239652,1637349942.5
2368,0.242215,1637349942.75
2369,0.242215,1637349943.0
2370,0.243497,1637349943.25
2371,0.239652,1637349943.5
2372,0.238371,1637349943.75
2373,0.243497,1637349944.0
2374,0.242215,1637349944.25
2375,0.240934,1637349944.5
2376,0.240934,1637349944.75
2377,0.238371,1637349945.0
2378,0.242215,1637349945.25
2379,0.243497,1637349945.5
2380,0.243497,1637349945.75
2381,0.239652,1637349946.0
2382,0.239652,1637349946.25
2383,0.243497,1637349946.5
2384,0.243497,1637349946.75
2385,0.243497,1637349947.0
2386,0.239652,1637349947.25
2387,0.238371,1637349947.5
2388,0.242215,1637349947.75
2389,0.243497,1637349948.0
2390,0.243497,1637349948.25
2391,0.239652,1637349948.5
2392,0.239652,1637349948.75
2393,0.239652,1637349949.0
2394,0.238371,1637349949.25
2395,0.242215,1637349949.5
2396,0.240934,1637349949.75
2397,0.240934,1637349950.0
2398,0.239652,1637349950.25
2399,0.243497,1637349950.5
2400,0.243497,1637349950.75
2401,0.242215,1637349951.0
2402,0.239652,1637349951.25
2403,0.240934,1637349951.5
2404,0.242215,1637349951.75
2405,0.240934,1637349952.0
2406,0.243497,1637349952.25
2407,0.240934,1637349952.5
2408,0.239652,1637349952.75
2409,0.243497,1637349953.0
2410,0.242215,1637349953.25
2411,0.243497,1637349953.5
2412,0.240934,1637349953.75
2413,0.239652,1637349954.0
2414,0.242215,1637349954.25
2415,0.243497,1637349954.5
2416,0.244778,1637349954.75
2417,0.240934,1637349955.0
2418,0.238371,1637349955.25
2419,0.242215,1637349955.5
2420,0.243497,1637349955.75
2421,0.243497,1637349956.0
2422,0.239652,1637349956.25
2423,0.240934,1637349956.5
2424,0.242215,1637349956.75
2425,0.243497,1637349957.0
2426,0.240934,1637349957.25
2427,0.238371,1637349957.5
2428,0.240934,1637349957.75
2429,0.243497,1637349958.0
2430,0.243497,1637349958.25
2431,0.239652,1637349958.5
2432,0.239652,1637349958.75
2433,0.242215,1637349959.0
2434,0.243497,1637349959.25
2435,0.240934,1637349959.5
2436,0.242215,1637349959.75
2437,0.242215,1637349960.0
2438,0.242215,1637349960.25
2439,0.243497,1637349960.5
2440,0.239652,1637349960.75
2441,0.239652,1637349961.0
2442,0.242215,1637349961.25
2443,0.243497,1637349961.5
2444,0.243497,1637349961.75
2445,0.239652,1637349962.0
2446,0.239652,1637349962.25
2447,0.243497,1637349962.5
2448,0.242215,1637349962.75
2449,0.239652,1637349963.0
2450,0.239652,1637349963.25
2451,0.243497,1637349963.5
2452,0.242215,1637349963.75
2453,0.243497,1637349964.0
2454,0.239652,1637349964.25
2455,0.239652,1637349964.5
2456,0.242215,1637349964.75
2457,0.243497,1637349965.0
2458,0.242215,1637349965.25
2459,0.239652,1637349965.5
2460,0.239652,1637349965.75
2461,0.243497,1637349966.0
2462,0.244778,1637349966.25
2463,0.244778,1637349966.5
2464,0.239652,1637349966.75
2465,0.239652,1637349967.0
2466,0.242215,1637349967.25
2467,0.243497,1637349967.5
2468,0.242215,1637349967.75
2469,0.242215,1637349968.0
2470,0.243497,1637349968.25
2471,0.240934,1637349968.5
2472,0.244778,1637349968.75
2473,0.240934,1637349969.0
2474,0.239652,1637349969.25
2475,0.242215,1637349969.5
2476,0.243497,1637349969.75
2477,0.244778,1637349970.0
2478,0.239652,1637349970.25
2479,0.242215,1637349970.5
2480,0.243497,1637349970.75
2481,0.244778,1637349971.0
2482,0.243497,1637349971.25
2483,0.239652,1637349971.5
2484,0.239652,1637349971.75
2485,0.244778,1637349972.0
2486,0.243497,1637349972.25
2487,0.244778,1637349972.5
2488,0.239652,1637349972.75
2489,0.240934,1637349973.0
2490,0.243497,1637349973.25
2491,0.243497,1637349973.5
2492,0.243497,1637349973.75
2493,0.238371,1637349974.0
2494,0.240934,1637349974.25
2495,0.243497,1637349974.5
2496,0.244778,1637349974.75
2497,0.243497,1637349975.0
2498,0.240934,1637349975.25
2499,0.240934,1637349975.5
2500,0.244778,1637349975.75
2501,0.243497,1637349976.0
2502,0.243497,1637349976.25
2503,0.242215,1637349976.5
2504,0.239652,1637349976.75
2505,0.243497,1637349977.0
2506,0.244778,1637349977.25
2507,0.243497,1637349977.5
2508,0.240934,1637349977.75
2509,0.240934,1637349978.0
2510,0.243497,1637349978.25
2511,0.244778,1637349978.5
2512,0.244778,1637349978.75
2513,0.242215,1637349979.0
2514,0.240934,1637349979.25
2515,0.239652,1637349979.5
2516,0.244778,1637349979.75
2517,0.244778,1637349980.0
2518,0.240934,1637349980.25
2519,0.242215,1637349980.5
2520,0.24606,1637349980.75
2521,0.243497,1637349981.0
2522,0.244778,1637349981.25
2523,0.240934,1637349981.5
2524,0.243497,1637349981.75
2525,0.244778,1637349982.0
2526,0.242215,1637349982.25
2527,0.24606,1637349982.5
2528,0.240934,1637349982.75
2529,0.240934,1637349983.0
2530,0.243497,1637349983.25
2531,0.244778,1637349983.5
2532,0.240934,1637349983.75
2533,0.240934,1637349984.0
2534,0.243497,1637349984.25
2535,0.244778,1637349984.5
2536,0.244778,1637349984.75
2537,0.240934,1637349985.0
2538,0.242215,1637349985.25
2539,0.247342,1637349985.5
2540,0.24606,1637349985.75
2541,0.243497,1637349986.0
2542,0.242215,1637349986.25
2543,0.242215,1637349986.5
2544,0.244778,1637349986.75
2545,0.24606,1637349987.0
2546,0.242215,1637349987.25
2547,0.242215,1637349987.5
2548,0.242215,1637349987.75
2549,0.244778,1637349988.0
2550,0.24606,1637349988.25
2551,0.243497,1637349988.5
2552,0.242215,1637349988.75
2553,0.244778,1637349989.0
2554,0.24606,1637349989.25
2555,0.24606,1637349989.5
2556,0.242215,1637349989.75
2557,0.242215,1637349990.0
2558,0.242215,1637349990.25
2559,0.243497,1637349990.5
2560,0.24606,1637349990.75
2561,0.243497,1637349991.0
2562,0.242215,1637349991.25
2563,0.24606,1637349991.5
2564,0.244778,1637349991.75
2565,0.24606,1637349992.0
2566,0.242215,1637349992.25
2567,0.242215,1637349992.5
2568,0.244778,1637349992.75
2569,0.24606,1637349993.0
2570,0.244778,1637349993.25
2571,0.242215,1637349993.5
2572,0.244778,1637349993.75
2573,0.24606,1637349994.0
2574,0.24606,1637349994.25
2575,0.243497,1637349994.5
2576,0.242215,1637349994.75
2577,0.242215,1637349995.0
2578,0.24606,1637349995.25
2579,0.24606,1637349995.5
2580,0.242215,1637349995.75
2581,0.239652,1637349996.0
2582,0.244778,1637349996.25
2583,0.244778,1637349996.5
2584,0.24606,1637349996.75
2585,0.242215,1637349997.0
2586,0.242215,1637349997.25
2587,0.247342,1637349997.5
2588,0.24606,1637349997.75
2589,0.24606,1637349998.0
2590,0.242215,1637349998.25
2591,0.242215,1637349998.5
2592,0.243497,1637349998.75
2593,0.24606,1637349999.0
2594,0.247342,1637349999.25
2595,0.242215,1637349999.5
2596,0.242215,1637349999.75
2597,0.24606,1637350000.0
2598,0.247342,1637350000.25
2599,0.247342,1637350000.5
2600,0.242215,1637350000.75
2601,0.242215,1637350001.0
2602,0.244778,1637350001.25
2603,0.244778,1637350001.5
2604,0.24606,1637350001.75
2605,0.244778,1637350002.0
2606,0.242215,1637350002.25
2607,0.24606,1637350002.5
2608,0.24606,1637350002.75
2609,0.243497,1637350003.0
2610,0.242215,1637350003.25
2611,0.242215,1637350003.5
2612,0.244778,1637350003.75
2613,0.24606,1637350004.0
2614,0.239652,1637350004.25
2615,0.242215,1637350004.5
2616,0.242215,1637350004.75
2617,0.24606,1637350005.0
2618,0.24606,1637350005.25
2619,0.242215,1637350005.5
2620,0.242215,1637350005.75
2621,0.247342,1637350006.0
2622,0.24606,1637350006.25
2623,0.24606,1637350006.5
2624,0.242215,1637350006.75
2625,0.240934,1637350007.0
2626,0.244778,1637350007.25
2627,0.243497,1637350007.5
2628,0.24606,1637350007.75
2629,0.242215,1637350008.0
2630,0.247342,1637350008.25
2631,0.249905,1637350008.5
2632,0.256313,1637350008.75
2633,0.255031,1637350009.0
2634,0.249905,1637350009.25
2635,0.252468,1637350009.5
2636,0.251186,1637350009.75
2637,0.251186,1637350010.0
2638,0.251186,1637350010.25
2639,0.24606,1637350010.5
2640,0.24606,1637350010.75
2641,0.247342,1637350011.0
2642,0.248623,1637350011.25
2643,0.249905,1637350011.5
2644,0.244778,1637350011.75
2645,0.244778,1637350012.0
2646,0.247342,1637350012.25
2647,0.249905,1637350012.5
2648,0.243497,1637350012.75
2649,0.244778,1637350013.0
2650,0.248623,1637350013.25
2651,0.247342,1637350013.5
2652,0.248623,1637350013.75
2653,0.244778,1637350014.0
2654,0.244778,1637350014.25
2655,0.24606,1637350014.5
2656,0.247342,1637350014.75
2657,0.247342,1637350015.0
2658,0.242215,1637350015.25
2659,0.24606,1637350015.5
2660,0.248623,1637350015.75
2661,0.247342,1637350016.0
2662,0.248623,1637350016.25
2663,0.244778,1637350016.5
2664,0.244778,1637350016.75
2665,0.249905,1637350017.0
2666,0.247342,1637350017.25
2667,0.248623,1637350017.5
2668,0.244778,1637350017.75
2669,0.243497,1637350018.0
2670,0.247342,1637350018.25
2671,0.249905,1637350018.5
2672,0.249905,1637350018.75
2673,0.24606,1637350019.0
2674,0.24606,1637350019.25
2675,0.248623,1637350019.5
2676,0.249905,1637350019.75
2677,0.248623,1637350020.0
2678,0.24606,1637350020.25
2679,0.24606,1637350020.5
2680,0.24606,1637350020.75
2681,0.249905,1637350021.0
2682,0.248623,1637350021.25
2683,0.247342,1637350021.5
2684,0.248623,1637350021.75
2685,0.249905,1637350022.0
2686,0.251186,1637350022.25
2687,0.247342,1637350022.5
2688,0.247342,1637350022.75
2689,0.248623,1637350023.0
2690,0.249905,1637350023.25
2691,0.248623,1637350023.5
2692,0.24606,1637350023.75
2693,0.24606,1637350024.0
2694,0.251186,1637350024.25
2695,0.251186,1637350024.5
2696,0.248623,1637350024.75
2697,0.247342,1637350025.0
2698,0.251186,1637350025.25
2699,0.251186,1637350025.5
2700,0.251186,1637350025.75
2701,0.247342,1637350026.0
2702,0.24606,1637350026.25
2703,0.249905,1637350026.5
2704,0.251186,1637350026.75
2705,0.249905,1637350027.0
2706,0.247342,1637350027.25
2707,0.249905,1637350027.5
2708,0.251186,1637350027.75
2709,0.252468,1637350028.0
2710,0.257594,1637350028.25
2711,0.249905,1637350028.5
2712,0.249905,1637350028.75
2713,0.248623,1637350029.0
2714,0.251186,1637350029.25
2715,0.248623,1637350029.5
2716,0.247342,1637350029.75
2717,0.251186,1637350030.0
2718,0.251186,1637350030.25
2719,0.251186,1637350030.5
2720,0.247342,1637350030.75
2721,0.248623,1637350031.0
2722,0.251186,1637350031.25
2723,0.251186,1637350031.5
2724,0.249905,1637350031.75
2725,0.248623,1637350032.0
2726,0.247342,1637350032.25
2727,0.253749,1637350032.5
2728,0.251186,1637350032.75
2729,0.252468,1637350033.0
2730,0.247342,1637350033.25
2731,0.249905,1637350033.5
2732,0.252468,1637350033.75
2733,0.253749,1637350034.0
2734,0.251186,1637350034.25
2735,0.248623,1637350034.5
2736,0.251186,1637350034.75
2737,0.253749,1637350035.0
2738,0.253749,1637350035.25
2739,0.249905,1637350035.5
2740,0.249905,1637350035.75
2741,0.252468,1637350036.0
2742,0.253749,1637350036.25
2743,0.253749,1637350036.5
2744,0.249905,1637350036.75
2745,0.249905,1637350037.0
2746,0.251186,1637350037.25
2747,0.253749,1637350037.5
2748,0.255031,1637350037.75
2749,0.249905,1637350038.0
2750,0.255031,1637350038.25
2751,0.256313,1637350038.5
2752,0.256313,1637350038.75
2753,0.252468,1637350039.0
2754,0.253749,1637350039.25
2755,0.257594,1637350039.5
2756,0.257594,1637350039.75
2757,0.253749,1637350040.0
2758,0.253749,1637350040.25
2759,0.252468,1637350040.5
2760,0.257594,1637350040.75
2761,0.257594,1637350041.0
2762,0.255031,1637350041.25
2763,0.255031,1637350041.5
2764,0.255031,1637350041.75
2765,0.258876,1637350042.0
2766,0.256313,1637350042.25
2767,0.256313,1637350042.5
2768,0.252468,1637350042.75
2769,0.257594,1637350043.0
2770,0.258876,1637350043.25
2771,0.258876,1637350043.5
2772,0.260157,1637350043.75
2773,0.255031,1637350044.0
2774,0.255031,1637350044.25
2775,0.258876,1637350044.5
2776,0.260157,1637350044.75
2777,0.256313,1637350045.0
2778,0.256313,1637350045.25
2779,0.256313,1637350045.5
2780,0.258876,1637350045.75
2781,0.258876,1637350046.0
2782,0.255031,1637350046.25
2783,0.256313,1637350046.5
2784,0.258876,1637350046.75
2785,0.260157,1637350047.0
2786,0.258876,1637350047.25
2787,0.256313,1637350047.5
2788,0.256313,1637350047.75
2789,0.260157,1637350048.0
2790,0.257594,1637350048.25
2791,0.260157,1637350048.5
2792,0.258876,1637350048.75
2793,0.260157,1637350049.0
2794,0.261439,1637350049.25
2795,0.264002,1637350049.5
2796,0.260157,1637350049.75
2797,0.260157,1637350050.0
2798,0.272973,1637350050.25
2799,0.267847,1637350050.5
2800,0.264002,1637350050.75
2801,0.260157,1637350051.0
2802,0.265283,1637350051.25
2803,0.267847,1637350051.5
2804,0.269128,1637350051.75
2805,0.265283,1637350052.0
2806,0.266565,1637350052.25
2807,0.269128,1637350052.5
2808,0.27041,1637350052.75
2809,0.271691,1637350053.0
2810,0.267847,1637350053.25
2811,0.267847,1637350053.5
2812,0.269128,1637350053.75
2813,0.271691,1637350054.0
2814,0.272973,1637350054.25
2815,0.267847,1637350054.5
2816,0.269128,1637350054.75
2817,0.271691,1637350055.0
2818,0.272973,1637350055.25
2819,0.272973,1637350055.5
2820,0.269128,1637350055.75
2821,0.271691,1637350056.0
2822,0.272973,1637350056.25
2823,0.267847,1637350056.5
2824,0.272973,1637350056.75
2825,0.27041,1637350057.0
2826,0.27041,1637350057.25
2827,0.274254,1637350057.5
2828,0.275536,1637350057.75
2829,0.274254,1637350058.0
2830,0.27041,1637350058.25
2831,0.274254,1637350058.5
2832,0.275536,1637350058.75
2833,0.274254,1637350059.0
2834,0.272973,1637350059.25
2835,0.272973,1637350059.5
2836,0.272973,1637350059.75
2837,0.275536,1637350060.0
2838,0.275536,1637350060.25
2839,0.276818,1637350060.5
2840,0.272973,1637350060.75
2841,0.272973,1637350061.0
2842,0.276818,1637350061.25
2843,0.276818,1637350061.5
2844,0.275536,1637350061.75
2845,0.271691,1637350062.0
2846,0.276818,1637350062.25
2847,0.278099,1637350062.5
2848,0.278099,1637350062.75
2849,0.274254,1637350063.0
2850,0.274254,1637350063.25
2851,0.278099,1637350063.5
2852,0.276818,1637350063.75
2853,0.275536,1637350064.0
2854,0.274254,1637350064.25
2855,0.278099,1637350064.5
2856,0.276818,1637350064.75
2857,0.279381,1637350065.0
2858,0.274254,1637350065.25
2859,0.274254,1637350065.5
2860,0.278099,1637350065.75
2861,0.279381,1637350066.0
2862,0.276818,1637350066.25
2863,0.275536,1637350066.5
2864,0.278099,1637350066.75
2865,0.279381,1637350067.0
2866,0.279381,1637350067.25
2867,0.275536,1637350067.5
2868,0.275536,1637350067.75
2869,0.279381,1637350068.0
2870,0.279381,1637350068.25
2871,0.280662,1637350068.5
2872,0.275536,1637350068.75
2873,0.275536,1637350069.0
2874,0.279381,1637350069.25
2875,0.280662,1637350069.5
2876,0.276818,1637350069.75
2877,0.279381,1637350070.0
2878,0.279381,1637350070.25
2879,0.279381,1637350070.5
2880,0.276818,1637350070.75
2881,0.276818,1637350071.0
2882,0.279381,1637350071.25
2883,0.281944,1637350071.5
2884,0.281944,1637350071.75
2885,0.278099,1637350072.0
2886,0.278099,1637350072.25
2887,0.280662,1637350072.5
2888,0.284507,1637350072.75
2889,0.281944,1637350073.0
2890,0.281944,1637350073.25
2891,0.284507,1637350073.5
2892,0.284507,1637350073.75
2893,0.284507,1637350074.0
2894,0.280662,1637350074.25
2895,0.279381,1637350074.5
2896,0.281944,1637350074.75
2897,0.278099,1637350075.0
2898,0.276818,1637350075.25
2899,0.272973,1637350075.5
2900,0.269128,1637350075.75
2901,0.275536,1637350076.0
2902,0.279381,1637350076.25
2903,0.276818,1637350076.5
2904,0.275536,1637350076.75
2905,0.278099,1637350077.0
2906,0.279381,1637350077.25
2907,0.279381,1637350077.5
2908,0.276818,1637350077.75
2909,0.276818,1637350078.0
2910,0.280662,1637350078.25
2911,0.280662,1637350078.5
2912,0.279381,1637350078.75
2913,0.279381,1637350079.0
2914,0.285788,1637350079.25
2915,0.28707,1637350079.5
2916,0.28707,1637350079.75
2917,0.281944,1637350080.0
2918,0.281944,1637350080.25
2919,0.285788,1637350080.5
2920,0.28707,1637350080.75
2921,0.284507,1637350081.0
2922,0.281944,1637350081.25
2923,0.285788,1637350081.5
2924,0.285788,1637350081.75
2925,0.285788,1637350082.0
2926,0.280662,1637350082.25
2927,0.280662,1637350082.5
2928,0.279381,1637350082.75
2929,0.278099,1637350083.0
2930,0.278099,1637350083.25
2931,0.276818,1637350083.5
2932,0.275536,1637350083.75
2933,0.278099,1637350084.0
2934,0.280662,1637350084.25
2935,0.275536,1637350084.5
2936,0.278099,1637350084.75
2937,0.281944,1637350085.0
2938,0.279381,1637350085.25
2939,0.280662,1637350085.5
2940,0.278099,1637350085.75
2941,0.275536,1637350086.0
2942,0.278099,1637350086.25
2943,0.279381,1637350086.5
2944,0.275536,1637350086.75
2945,0.278099,1637350087.0
2946,0.274254,1637350087.25
2947,0.279381,1637350087.5
2948,0.279381,1637350087.75
2949,0.275536,1637350088.0
2950,0.275536,1637350088.25
2951,0.278099,1637350088.5
2952,0.278099,1637350088.75
2953,0.279381,1637350089.0
2954,0.275536,1637350089.25
2955,0.272973,1637350089.5
2956,0.278099,1637350089.75
2957,0.279381,1637350090.0
2958,0.279381,1637350090.25
2959,0.275536,1637350090.5
2960,0.275536,1637350090.75
2961,0.278099,1637350091.0
2962,0.279381,1637350091.25
2963,0.279381,1637350091.5
2964,0.275536,1637350091.75
2965,0.275536,1637350092.0
2966,0.275536,1637350092.25
2967,0.279381,1637350092.5
2968,0.278099,1637350092.75
2969,0.275536,1637350093.0
2970,0.275536,1637350093.25
2971,0.279381,1637350093.5
2972,0.279381,1637350093.75
2973,0.274254,1637350094.0
2974,0.275536,1637350094.25
2975,0.276818,1637350094.5
2976,0.278099,1637350094.75
2977,0.275536,1637350095.0
2978,0.276818,1637350095.25
2979,0.278099,1637350095.5
2980,0.278099,1637350095.75
2981,0.278099,1637350096.0
2982,0.279381,1637350096.25
2983,0.274254,1637350096.5
2984,0.274254,1637350096.75
2985,0.278099,1637350097.0
2986,0.279381,1637350097.25
2987,0.278099,1637350097.5
2988,0.271691,1637350097.75
2989,0.275536,1637350098.0
2990,0.279381,1637350098.25
2991,0.278099,1637350098.5
2992,0.278099,1637350098.75
2993,0.276818,1637350099.0
2994,0.275536,1637350099.25
2995,0.278099,1637350099.5
2996,0.279381,1637350099.75
2997,0.281944,1637350100.0
2998,0.275536,1637350100.25
2999,0.274254,1637350100.5
3000,0.275536,1637350100.75
3001,0.279381,1637350101.0
3002,0.278099,1637350101.25
3003,0.276818,1637350101.5
3004,0.278099,1637350101.75
3005,0.275536,1637350102.0
3006,0.279381,1637350102.25
3007,0.279381,1637350102.5
3008,0.279381,1637350102.75
3009,0.275536,1637350103.0
3010,0.272973,1637350103.25
3011,0.279381,1637350103.5
3012,0.276818,1637350103.75
3013,0.279381,1637350104.0
3014,0.275536,1637350104.25
3015,0.276818,1637350104.5
3016,0.280662,1637350104.75
3017,0.279381,1637350105.0
3018,0.28707,1637350105.25
3019,0.275536,1637350105.5
3020,0.275536,1637350105.75
3021,0.276818,1637350106.0
3022,0.279381,1637350106.25
3023,0.281944,1637350106.5
3024,0.275536,1637350106.75
3025,0.275536,1637350107.0
3026,0.275536,1637350107.25
3027,0.279381,1637350107.5
3028,0.278099,1637350107.75
3029,0.279381,1637350108.0
3030,0.275536,1637350108.25
3031,0.278099,1637350108.5
3032,0.278099,1637350108.75
3033,0.279381,1637350109.0
3034,0.280662,1637350109.25
3035,0.275536,1637350109.5
3036,0.275536,1637350109.75
3037,0.279381,1637350110.0
3038,0.279381,1637350110.25
3039,0.280662,1637350110.5
3040,0.275536,1637350110.75
3041,0.278099,1637350111.0
3042,0.279381,1637350111.25
3043,0.278099,1637350111.5
3044,0.281944,1637350111.75
3045,0.278099,1637350112.0
3046,0.279381,1637350112.25
3047,0.278099,1637350112.5
3048,0.283225,1637350112.75
3049,0.281944,1637350113.0
3050,0.281944,1637350113.25
3051,0.274254,1637350113.5
3052,0.271691,1637350113.75
3053,0.276818,1637350114.0
3054,0.269128,1637350114.25
3055,0.271691,1637350114.5
3056,0.269128,1637350114.75
3057,0.267847,1637350115.0
3058,0.27041,1637350115.25
3059,0.274254,1637350115.5
3060,0.272973,1637350115.75
3061,0.27041,1637350116.0
3062,0.269128,1637350116.25
3063,0.272973,1637350116.5
3064,0.271691,1637350116.75
3065,0.266565,1637350117.0
3066,0.269128,1637350117.25
3067,0.271691,1637350117.5
3068,0.275536,1637350117.75
3069,0.275536,1637350118.0
3070,0.272973,1637350118.25
3071,0.274254,1637350118.5
3072,0.276818,1637350118.75
3073,0.278099,1637350119.0
3074,0.278099,1637350119.25
3075,0.276818,1637350119.5
3076,0.274254,1637350119.75
3077,0.278099,1637350120.0
3078,0.276818,1637350120.25
3079,0.279381,1637350120.5
3080,0.278099,1637350120.75
3081,0.276818,1637350121.0
3082,0.281944,1637350121.25
3083,0.280662,1637350121.5
3084,0.280662,1637350121.75
3085,0.279381,1637350122.0
3086,0.276818,1637350122.25
3087,0.281944,1637350122.5
3088,0.281944,1637350122.75
3089,0.281944,1637350123.0
3090,0.276818,1637350123.25
3091,0.278099,1637350123.5
3092,0.281944,1637350123.75
3093,0.281944,1637350124.0
3094,0.280662,1637350124.25
3095,0.278099,1637350124.5
3096,0.278099,1637350124.75
3097,0.280662,1637350125.0
3098,0.278099,1637350125.25
3099,0.283225,1637350125.5
3100,0.279381,1637350125.75
3101,0.279381,1637350126.0
3102,0.281944,1637350126.25
3103,0.283225,1637350126.5
3104,0.281944,1637350126.75
3105,0.279381,1637350127.0
3106,0.279381,1637350127.25
3107,0.281944,1637350127.5
3108,0.283225,1637350127.75
3109,0.283225,1637350128.0
3110,0.280662,1637350128.25
3111,0.279381,1637350128.5
3112,0.281944,1637350128.75
3113,0.284507,1637350129.0
3114,0.284507,1637350129.25
3115,0.281944,1637350129.5
3116,0.280662,1637350129.75
3117,0.284507,1637350130.0
3118,0.283225,1637350130.25
3119,0.284507,1637350130.5
3120,0.281944,1637350130.75
3121,0.283225,1637350131.0
3122,0.283225,1637350131.25
3123,0.285788,1637350131.5
3124,0.285788,1637350131.75
3125,0.281944,1637350132.0
3126,0.281944,1637350132.25
3127,0.283225,1637350132.5
3128,0.285788,1637350132.75
3129,0.284507,1637350133.0
3130,0.281944,1637350133.25
3131,0.285788,1637350133.5
3132,0.28707,1637350133.75
3133,0.285788,1637350134.0
3134,0.28707,1637350134.25
3135,0.281944,1637350134.5
3136,0.284507,1637350134.75
3137,0.285788,1637350135.0
3138,0.284507,1637350135.25
3139,0.285788,1637350135.5
3140,0.284507,1637350135.75
3141,0.281944,1637350136.0
3142,0.283225,1637350136.25
3143,0.284507,1637350136.5
3144,0.28707,1637350136.75
3145,0.281944,1637350137.0
3146,0.280662,1637350137.25
3147,0.281944,1637350137.5
3148,0.278099,1637350137.75
3149,0.280662,1637350138.0
3150,0.278099,1637350138.25
3151,0.278099,1637350138.5
3152,0.281944,1637350138.75
3153,0.283225,1637350139.0
3154,0.284507,1637350139.25
3155,0.278099,1637350139.5
3156,0.280662,1637350139.75
3157,0.278099,1637350140.0
3158,0.283225,1637350140.25
3159,0.284507,1637350140.5
3160,0.281944,1637350140.75
3161,0.281944,1637350141.0
3162,0.280662,1637350141.25
3163,0.284507,1637350141.5
3164,0.281944,1637350141.75
3165,0.283225,1637350142.0
3166,0.281944,1637350142.25
3167,0.285788,1637350142.5
3168,0.28707,1637350142.75
3169,0.28707,1637350143.0
3170,0.284507,1637350143.25
3171,0.285788,1637350143.5
3172,0.28707,1637350143.75
3173,0.28707,1637350144.0
3174,0.288352,1637350144.25
3175,0.283225,1637350144.5
3176,0.284507,1637350144.75
3177,0.290915,1637350145.0
3178,0.289633,1637350145.25
3179,0.290915,1637350145.5
3180,0.289633,1637350145.75
3181,0.288352,1637350146.0
3182,0.292196,1637350146.25
3183,0.293478,1637350146.5
3184,0.290915,1637350146.75
3185,0.292196,1637350147.0
3186,0.289633,1637350147.25
3187,0.293478,1637350147.5
3188,0.292196,1637350147.75
3189,0.292196,1637350148.0
3190,0.290915,1637350148.25
3191,0.294759,1637350148.5
3192,0.294759,1637350148.75
3193,0.296041,1637350149.0
3194,0.292196,1637350149.25
3195,0.294759,1637350149.5
3196,0.294759,1637350149.75
3197,0.294759,1637350150.0
3198,0.297323,1637350150.25
3199,0.292196,1637350150.5
3200,0.293478,1637350150.75
3201,0.296041,1637350151.0
3202,0.297323,1637350151.25
3203,0.297323,1637350151.5
3204,0.293478,1637350151.75
3205,0.296041,1637350152.0
3206,0.297323,1637350152.25
3207,0.297323,1637350152.5
3208,0.297323,1637350152.75
3209,0.293478,1637350153.0
3210,0.293478,1637350153.25
3211,0.299886,1637350153.5
3212,0.298604,1637350153.75
3213,0.298604,1637350154.0
3214,0.294759,1637350154.25
3215,0.294759,1637350154.5
3216,0.298604,1637350154.75
3217,0.298604,1637350155.0
3218,0.298604,1637350155.25
3219,0.294759,1637350155.5
3220,0.294759,1637350155.75
3221,0.296041,1637350156.0
3222,0.298604,1637350156.25
3223,0.298604,1637350156.5
3224,0.299886,1637350156.75
3225,0.294759,1637350157.0
3226,0.296041,1637350157.25
3227,0.298604,1637350157.5
3228,0.297323,1637350157.75
3229,0.297323,1637350158.0
3230,0.293478,1637350158.25
3231,0.296041,1637350158.5
3232,0.298604,1637350158.75
3233,0.299886,1637350159.0
3234,0.294759,1637350159.25
3235,0.296041,1637350159.5
3236,0.298604,1637350159.75
3237,0.298604,1637350160.0
3238,0.302449,1637350160.25
3239,0.296041,1637350160.5
3240,0.296041,1637350160.75
3241,0.297323,1637350161.0
3242,0.299886,1637350161.25
3243,0.301167,1637350161.5
3244,0.299886,1637350161.75
3245,0.296041,1637350162.0
3246,0.296041,1637350162.25
3247,0.299886,1637350162.5
3248,0.299886,1637350162.75
3249,0.301167,1637350163.0
3250,0.296041,1637350163.25
3251,0.298604,1637350163.5
3252,0.301167,1637350163.75
3253,0.301167,1637350164.0
3254,0.302449,1637350164.25
3255,0.297323,1637350164.5
3256,0.298604,1637350164.75
3257,0.302449,1637350165.0
3258,0.299886,1637350165.25
3259,0.301167,1637350165.5
3260,0.297323,1637350165.75
3261,0.297323,1637350166.0
3262,0.299886,1637350166.25
3263,0.297323,1637350166.5
3264,0.299886,1637350166.75
3265,0.297323,1637350167.0
3266,0.297323,1637350167.25
3267,0.299886,1637350167.5
3268,0.299886,1637350167.75
3269,0.299886,1637350168.0
3270,0.297323,1637350168.25
3271,0.299886,1637350168.5
3272,0.299886,1637350168.75
3273,0.301167,1637350169.0
3274,0.298604,1637350169.25
3275,0.297323,1637350169.5
3276,0.294759,1637350169.75
3277,0.301167,1637350170.0
3278,0.299886,1637350170.25
3279,0.301167,1637350170.5
3280,0.297323,1637350170.75
3281,0.297323,1637350171.0
3282,0.301167,1637350171.25
3283,0.301167,1637350171.5
3284,0.301167,1637350171.75
3285,0.294759,1637350172.0
3286,0.297323,1637350172.25
3287,0.298604,1637350172.5
3288,0.301167,1637350172.75
3289,0.301167,1637350173.0
3290,0.299886,1637350173.25
3291,0.298604,1637350173.5
3292,0.298604,1637350173.75
3293,0.301167,1637350174.0
3294,0.299886,1637350174.25
3295,0.299886,1637350174.5
3296,0.296041,1637350174.75
3297,0.298604,1637350175.0
3298,0.302449,1637350175.25
3299,0.302449,1637350175.5
3300,0.301167,1637350175.75
3301,0.297323,1637350176.0
3302,0.298604,1637350176.25
3303,0.299886,1637350176.5
3304,0.308857,1637350176.75
3305,0.302449,1637350177.0
3306,0.298604,1637350177.25
3307,0.296041,1637350177.5
3308,0.301167,1637350177.75
3309,0.302449,1637350178.0
3310,0.302449,1637350178.25
3311,0.299886,1637350178.5
3312,0.298604,1637350178.75
3313,0.301167,1637350179.0
3314,0.301167,1637350179.25
3315,0.302449,1637350179.5
3316,0.298604,1637350179.75
3317,0.299886,1637350180.0
3318,0.299886,1637350180.25
3319,0.301167,1637350180.5
3320,0.30373,1637350180.75
3321,0.299886,1637350181.0
3322,0.298604,1637350181.25
3323,0.302449,1637350181.5
3324,0.302449,1637350181.75
3325,0.305012,1637350182.0
3326,0.298604,1637350182.25
3327,0.298604,1637350182.5
3328,0.299886,1637350182.75
3329,0.290915,1637350183.0
3330,0.288352,1637350183.25
3331,0.281944,1637350183.5
3332,0.280662,1637350183.75
3333,0.279381,1637350184.0
3334,0.281944,1637350184.25
3335,0.284507,1637350184.5
3336,0.280662,1637350184.75
3337,0.280662,1637350185.0
3338,0.279381,1637350185.25
3339,0.281944,1637350185.5
3340,0.280662,1637350185.75
3341,0.284507,1637350186.0
3342,0.283225,1637350186.25
3343,0.283225,1637350186.5
3344,0.28707,1637350186.75
3345,0.28707,1637350187.0
3346,0.285788,1637350187.25
3347,0.283225,1637350187.5
3348,0.284507,1637350187.75
3349,0.28707,1637350188.0
3350,0.285788,1637350188.25
3351,0.283225,1637350188.5
3352,0.281944,1637350188.75
3353,0.284507,1637350189.0
3354,0.285788,1637350189.25
3355,0.285788,1637350189.5
3356,0.28707,1637350189.75
3357,0.283225,1637350190.0
3358,0.281944,1637350190.25
3359,0.284507,1637350190.5
3360,0.285788,1637350190.75
3361,0.285788,1637350191.0
3362,0.275536,1637350191.25
3363,0.275536,1637350191.5
3364,0.274254,1637350191.75
3365,0.274254,1637350192.0
3366,0.272973,1637350192.25
3367,0.271691,1637350192.5
3368,0.267847,1637350192.75
3369,0.267847,1637350193.0
3370,0.269128,1637350193.25
3371,0.27041,1637350193.5
3372,0.269128,1637350193.75
3373,0.26272,1637350194.0
3374,0.265283,1637350194.25
3375,0.267847,1637350194.5
3376,0.269128,1637350194.75
3377,0.267847,1637350195.0
3378,0.264002,1637350195.25
3379,0.266565,1637350195.5
3380,0.267847,1637350195.75
3381,0.267847,1637350196.0
3382,0.266565,1637350196.25
3383,0.26272,1637350196.5
3384,0.261439,1637350196.75
3385,0.269128,1637350197.0
3386,0.265283,1637350197.25
3387,0.267847,1637350197.5
3388,0.265283,1637350197.75
3389,0.26272,1637350198.0
3390,0.265283,1637350198.25
3391,0.266565,1637350198.5
3392,0.266565,1637350198.75
3393,0.265283,1637350199.0
3394,0.26272,1637350199.25
3395,0.264002,1637350199.5
3396,0.264002,1637350199.75
3397,0.265283,1637350200.0
3398,0.26272,1637350200.25
3399,0.265283,1637350200.5
3400,0.266565,1637350200.75
3401,0.266565,1637350201.0
3402,0.26272,1637350201.25
3403,0.26272,1637350201.5
3404,0.265283,1637350201.75
3405,0.265283,1637350202.0
3406,0.265283,1637350202.25
3407,0.26272,1637350202.5
3408,0.26272,1637350202.75
3409,0.264002,1637350203.0
3410,0.267847,1637350203.25
3411,0.269128,1637350203.5
3412,0.266565,1637350203.75
3413,0.265283,1637350204.0
3414,0.266565,1637350204.25
3415,0.27041,1637350204.5
3416,0.271691,1637350204.75
3417,0.26272,1637350205.0
3418,0.264002,1637350205.25
3419,0.265283,1637350205.5
3420,0.267847,1637350205.75
3421,0.267847,1637350206.0
3422,0.264002,1637350206.25
3423,0.265283,1637350206.5
3424,0.267847,1637350206.75
3425,0.269128,1637350207.0
3426,0.269128,1637350207.25
3427,0.264002,1637350207.5
3428,0.26272,1637350207.75
3429,0.269128,1637350208.0
3430,0.267847,1637350208.25
3431,0.267847,1637350208.5
3432,0.264002,1637350208.75
3433,0.265283,1637350209.0
3434,0.266565,1637350209.25
3435,0.267847,1637350209.5
3436,0.267847,1637350209.75
3437,0.264002,1637350210.0
3438,0.264002,1637350210.25
3439,0.265283,1637350210.5
3440,0.271691,1637350210.75
3441,0.272973,1637350211.0
3442,0.271691,1637350211.25
3443,0.283225,1637350211.5
3444,0.293478,1637350211.75
3445,0.289633,1637350212.0
3446,0.284507,1637350212.25
3447,0.276818,1637350212.5
3448,0.275536,1637350212.75
3449,0.280662,1637350213.0
3450,0.289633,1637350213.25
3451,0.293478,1637350213.5
3452,0.292196,1637350213.75
3453,0.292196,1637350214.0
3454,0.290915,1637350214.25
3455,0.289633,1637350214.5
3456,0.290915,1637350214.75
3457,0.285788,1637350215.0
3458,0.28707,1637350215.25
3459,0.289633,1637350215.5
3460,0.290915,1637350215.75
3461,0.288352,1637350216.0
3462,0.28707,1637350216.25
3463,0.288352,1637350216.5
3464,0.290915,1637350216.75
3465,0.290915,1637350217.0
3466,0.292196,1637350217.25
3467,0.289633,1637350217.5
3468,0.288352,1637350217.75
3469,0.290915,1637350218.0
3470,0.292196,1637350218.25
3471,0.293478,1637350218.5
3472,0.28707,1637350218.75
3473,0.289633,1637350219.0
3474,0.293478,1637350219.25
3475,0.293478,1637350219.5
3476,0.293478,1637350219.75
3477,0.289633,1637350220.0
3478,0.289633,1637350220.25
3479,0.293478,1637350220.5
3480,0.296041,1637350220.75
3481,0.28707,1637350221.0
3482,0.275536,1637350221.25
3483,0.269128,1637350221.5
3484,0.269128,1637350221.75
3485,0.271691,1637350222.0
3486,0.271691,1637350222.25
3487,0.269128,1637350222.5
3488,0.269128,1637350222.75
3489,0.271691,1637350223.0
3490,0.272973,1637350223.25
3491,0.271691,1637350223.5
3492,0.269128,1637350223.75
3493,0.269128,1637350224.0
3494,0.27041,1637350224.25
3495,0.274254,1637350224.5
3496,0.269128,1637350224.75
3497,0.27041,1637350225.0
3498,0.272973,1637350225.25
3499,0.272973,1637350225.5
3500,0.272973,1637350225.75
3501,0.27041,1637350226.0
3502,0.27041,1637350226.25
3503,0.275536,1637350226.5
3504,0.275536,1637350226.75
3505,0.272973,1637350227.0
3506,0.27041,1637350227.25
3507,0.271691,1637350227.5
3508,0.274254,1637350227.75
3509,0.271691,1637350228.0
3510,0.27041,1637350228.25
3511,0.27041,1637350228.5
3512,0.267847,1637350228.75
3513,0.269128,1637350229.0
3514,0.27041,1637350229.25
3515,0.267847,1637350229.5
3516,0.26272,1637350229.75
3517,0.266565,1637350230.0
3518,0.27041,1637350230.25
3519,0.266565,1637350230.5
3520,0.266565,1637350230.75
3521,0.265283,1637350231.0
3522,0.265283,1637350231.25
3523,0.266565,1637350231.5
3524,0.266565,1637350231.75
3525,0.265283,1637350232.0
3526,0.264002,1637350232.25
3527,0.26272,1637350232.5
3528,0.266565,1637350232.75
3529,0.269128,1637350233.0
3530,0.265283,1637350233.25
3531,0.267847,1637350233.5
3532,0.269128,1637350233.75
3533,0.27041,1637350234.0
3534,0.272973,1637350234.25
3535,0.27041,1637350234.5
3536,0.271691,1637350234.75
3537,0.274254,1637350235.0
3538,0.274254,1637350235.25
3539,0.275536,1637350235.5
3540,0.272973,1637350235.75
3541,0.272973,1637350236.0
3542,0.272973,1637350236.25
3543,0.272973,1637350236.5
3544,0.271691,1637350236.75
3545,0.271691,1637350237.0
3546,0.271691,1637350237.25
3547,0.274254,1637350237.5
3548,0.274254,1637350237.75
3549,0.27041,1637350238.0
3550,0.27041,1637350238.25
3551,0.27041,1637350238.5
3552,0.274254,1637350238.75
3553,0.274254,1637350239.0
3554,0.27041,1637350239.25
3555,0.272973,1637350239.5
3556,0.275536,1637350239.75
3557,0.280662,1637350240.0
3558,0.281944,1637350240.25
3559,0.275536,1637350240.5
3560,0.276818,1637350240.75
3561,0.276818,1637350241.0
3562,0.279381,1637350241.25
3563,0.280662,1637350241.5
3564,0.276818,1637350241.75
3565,0.276818,1637350242.0
3566,0.279381,1637350242.25
3567,0.280662,1637350242.5
3568,0.280662,1637350242.75
3569,0.281944,1637350243.0
3570,0.281944,1637350243.25
3571,0.281944,1637350243.5
3572,0.281944,1637350243.75
3573,0.281944,1637350244.0
3574,0.275536,1637350244.25
3575,0.278099,1637350244.5
3576,0.275536,1637350244.75
3577,0.275536,1637350245.0
3578,0.276818,1637350245.25
3579,0.274254,1637350245.5
3580,0.272973,1637350245.75
3581,0.278099,1637350246.0
3582,0.275536,1637350246.25
3583,0.276818,1637350246.5
3584,0.275536,1637350246.75
3585,0.275536,1637350247.0
3586,0.276818,1637350247.25
3587,0.276818,1637350247.5
3588,0.278099,1637350247.75
3589,0.274254,1637350248.0
3590,0.275536,1637350248.25
3591,0.278099,1637350248.5
3592,0.279381,1637350248.75
3593,0.272973,1637350249.0
3594,0.275536,1637350249.25
3595,0.278099,1637350249.5
3596,0.278099,1637350249.75
3597,0.281944,1637350250.0
3598,0.275536,1637350250.25
3599,0.276818,1637350250.5
3600,0.278099,1637350250.75
3601,0.276818,1637350251.0
3602,0.278099,1637350251.25
3603,0.274254,1637350251.5
3604,0.271691,1637350251.75
3605,0.278099,1637350252.0
3606,0.280662,1637350252.25
3607,0.278099,1637350252.5
3608,0.279381,1637350252.75
3609,0.280662,1637350253.0
3610,0.281944,1637350253.25
3611,0.281944,1637350253.5
3612,0.278099,1637350253.75
3613,0.278099,1637350254.0
3614,0.281944,1637350254.25
3615,0.278099,1637350254.5
3616,0.280662,1637350254.75
3617,0.278099,1637350255.0
3618,0.278099,1637350255.25
3619,0.281944,1637350255.5
3620,0.279381,1637350255.75
3621,0.280662,1637350256.0
3622,0.274254,1637350256.25
3623,0.275536,1637350256.5
3624,0.276818,1637350256.75
3625,0.276818,1637350257.0
3626,0.271691,1637350257.25
3627,0.271691,1637350257.5
3628,0.271691,1637350257.75
3629,0.275536,1637350258.0
3630,0.278099,1637350258.25
3631,0.272973,1637350258.5
3632,0.271691,1637350258.75
3633,0.272973,1637350259.0
3634,0.272973,1637350259.25
3635,0.274254,1637350259.5
3636,0.27041,1637350259.75
3637,0.267847,1637350260.0
3638,0.274254,1637350260.25
3639,0.274254,1637350260.5
3640,0.276818,1637350260.75
3641,0.27041,1637350261.0
3642,0.27041,1637350261.25
3643,0.274254,1637350261.5
3644,0.274254,1637350261.75
3645,0.274254,1637350262.0
3646,0.272973,1637350262.25
3647,0.27041,1637350262.5
3648,0.269128,1637350262.75
3649,0.274254,1637350263.0
3650,0.275536,1637350263.25
3651,0.272973,1637350263.5
3652,0.271691,1637350263.75
3653,0.27041,1637350264.0
3654,0.27041,1637350264.25
