,TEMP,timestamp
1,30.87,1637349351.0
2,30.87,1637349351.25
3,30.87,1637349351.5
4,30.87,1637349351.75
5,30.87,1637349352.0
6,30.87,1637349352.25
7,30.87,1637349352.5
8,30.87,1637349352.75
9,30.87,1637349353.0
10,30.87,1637349353.25
11,30.87,1637349353.5
12,30.87,1637349353.75
13,30.85,1637349354.0
14,30.85,1637349354.25
15,30.85,1637349354.5
16,30.85,1637349354.75
17,30.85,1637349355.0
18,30.85,1637349355.25
19,30.85,1637349355.5
20,30.85,1637349355.75
21,30.81,1637349356.0
22,30.81,1637349356.25
23,30.81,1637349356.5
24,30.81,1637349356.75
25,30.83,1637349357.0
26,30.83,1637349357.25
27,30.83,1637349357.5
28,30.83,1637349357.75
29,30.81,1637349358.0
30,30.81,1637349358.25
31,30.81,1637349358.5
32,30.81,1637349358.75
33,30.79,1637349359.0
34,30.79,1637349359.25
35,30.79,1637349359.5
36,30.79,1637349359.75
37,30.79,1637349360.0
38,30.79,1637349360.25
39,30.79,1637349360.5
40,30.79,1637349360.75
41,30.77,1637349361.0
42,30.77,1637349361.25
43,30.77,1637349361.5
44,30.77,1637349361.75
45,30.79,1637349362.0
46,30.79,1637349362.25
47,30.79,1637349362.5
48,30.79,1637349362.75
49,30.79,1637349363.0
50,30.79,1637349363.25
51,30.79,1637349363.5
52,30.79,1637349363.75
53,30.79,1637349364.0
54,30.79,1637349364.25
55,30.79,1637349364.5
56,30.79,1637349364.75
57,30.77,1637349365.0
58,30.77,1637349365.25
59,30.77,1637349365.5
60,30.77,1637349365.75
61,30.75,1637349366.0
62,30.75,1637349366.25
63,30.75,1637349366.5
64,30.75,1637349366.75
65,30.75,1637349367.0
66,30.75,1637349367.25
67,30.75,1637349367.5
68,30.75,1637349367.75
69,30.75,1637349368.0
70,30.75,1637349368.25
71,30.75,1637349368.5
72,30.75,1637349368.75
73,30.73,1637349369.0
74,30.73,1637349369.25
75,30.73,1637349369.5
76,30.73,1637349369.75
77,30.73,1637349370.0
78,30.73,1637349370.25
79,30.73,1637349370.5
80,30.73,1637349370.75
81,30.73,1637349371.0
82,30.73,1637349371.25
83,30.73,1637349371.5
84,30.73,1637349371.75
85,30.71,1637349372.0
86,30.71,1637349372.25
87,30.71,1637349372.5
88,30.71,1637349372.75
89,30.71,1637349373.0
90,30.71,1637349373.25
91,30.71,1637349373.5
92,30.71,1637349373.75
93,30.69,1637349374.0
94,30.69,1637349374.25
95,30.69,1637349374.5
96,30.69,1637349374.75
97,30.69,1637349375.0
98,30.69,1637349375.25
99,30.69,1637349375.5
100,30.69,1637349375.75
101,30.69,1637349376.0
102,30.69,1637349376.25
103,30.69,1637349376.5
104,30.69,1637349376.75
105,30.67,1637349377.0
106,30.67,1637349377.25
107,30.67,1637349377.5
108,30.67,1637349377.75
109,30.67,1637349378.0
110,30.67,1637349378.25
111,30.67,1637349378.5
112,30.67,1637349378.75
113,30.65,1637349379.0
114,30.65,1637349379.25
115,30.65,1637349379.5
116,30.65,1637349379.75
117,30.65,1637349380.0
118,30.65,1637349380.25
119,30.65,1637349380.5
120,30.65,1637349380.75
121,30.67,1637349381.0
122,30.67,1637349381.25
123,30.67,1637349381.5
124,30.67,1637349381.75
125,30.63,1637349382.0
126,30.63,1637349382.25
127,30.63,1637349382.5
128,30.63,1637349382.75
129,30.65,1637349383.0
130,30.65,1637349383.25
131,30.65,1637349383.5
132,30.65,1637349383.75
133,30.65,1637349384.0
134,30.65,1637349384.25
135,30.65,1637349384.5
136,30.65,1637349384.75
137,30.63,1637349385.0
138,30.63,1637349385.25
139,30.63,1637349385.5
140,30.63,1637349385.75
141,30.63,1637349386.0
142,30.63,1637349386.25
143,30.63,1637349386.5
144,30.63,1637349386.75
145,30.59,1637349387.0
146,30.59,1637349387.25
147,30.59,1637349387.5
148,30.59,1637349387.75
149,30.61,1637349388.0
150,30.61,1637349388.25
151,30.61,1637349388.5
152,30.61,1637349388.75
153,30.59,1637349389.0
154,30.59,1637349389.25
155,30.59,1637349389.5
156,30.59,1637349389.75
157,30.59,1637349390.0
158,30.59,1637349390.25
159,30.59,1637349390.5
160,30.59,1637349390.75
161,30.57,1637349391.0
162,30.57,1637349391.25
163,30.57,1637349391.5
164,30.57,1637349391.75
165,30.61,1637349392.0
166,30.61,1637349392.25
167,30.61,1637349392.5
168,30.61,1637349392.75
169,30.59,1637349393.0
170,30.59,1637349393.25
171,30.59,1637349393.5
172,30.59,1637349393.75
173,30.57,1637349394.0
174,30.57,1637349394.25
175,30.57,1637349394.5
176,30.57,1637349394.75
177,30.57,1637349395.0
178,30.57,1637349395.25
179,30.57,1637349395.5
180,30.57,1637349395.75
181,30.57,1637349396.0
182,30.57,1637349396.25
183,30.57,1637349396.5
184,30.57,1637349396.75
185,30.55,1637349397.0
186,30.55,1637349397.25
187,30.55,1637349397.5
188,30.55,1637349397.75
189,30.57,1637349398.0
190,30.57,1637349398.25
191,30.57,1637349398.5
192,30.57,1637349398.75
193,30.57,1637349399.0
194,30.57,1637349399.25
195,30.57,1637349399.5
196,30.57,1637349399.75
197,30.55,1637349400.0
198,30.55,1637349400.25
199,30.55,1637349400.5
200,30.55,1637349400.75
201,30.55,1637349401.0
202,30.55,1637349401.25
203,30.55,1637349401.5
204,30.55,1637349401.75
205,30.55,1637349402.0
206,30.55,1637349402.25
207,30.55,1637349402.5
208,30.55,1637349402.75
209,30.53,1637349403.0
210,30.53,1637349403.25
211,30.53,1637349403.5
212,30.53,1637349403.75
213,30.55,1637349404.0
214,30.55,1637349404.25
215,30.55,1637349404.5
216,30.55,1637349404.75
217,30.53,1637349405.0
218,30.53,1637349405.25
219,30.53,1637349405.5
220,30.53,1637349405.75
221,30.53,1637349406.0
222,30.53,1637349406.25
223,30.53,1637349406.5
224,30.53,1637349406.75
225,30.53,1637349407.0
226,30.53,1637349407.25
227,30.53,1637349407.5
228,30.53,1637349407.75
229,30.51,1637349408.0
230,30.51,1637349408.25
231,30.51,1637349408.5
232,30.51,1637349408.75
233,30.51,1637349409.0
234,30.51,1637349409.25
235,30.51,1637349409.5
236,30.51,1637349409.75
237,30.51,1637349410.0
238,30.51,1637349410.25
239,30.51,1637349410.5
240,30.51,1637349410.75
241,30.51,1637349411.0
242,30.51,1637349411.25
243,30.51,1637349411.5
244,30.51,1637349411.75
245,30.49,1637349412.0
246,30.49,1637349412.25
247,30.49,1637349412.5
248,30.49,1637349412.75
249,30.49,1637349413.0
250,30.49,1637349413.25
251,30.49,1637349413.5
252,30.49,1637349413.75
253,30.47,1637349414.0
254,30.47,1637349414.25
255,30.47,1637349414.5
256,30.47,1637349414.75
257,30.49,1637349415.0
258,30.49,1637349415.25
259,30.49,1637349415.5
260,30.49,1637349415.75
261,30.47,1637349416.0
262,30.47,1637349416.25
263,30.47,1637349416.5
264,30.47,1637349416.75
265,30.49,1637349417.0
266,30.49,1637349417.25
267,30.49,1637349417.5
268,30.49,1637349417.75
269,30.45,1637349418.0
270,30.45,1637349418.25
271,30.45,1637349418.5
272,30.45,1637349418.75
273,30.43,1637349419.0
274,30.43,1637349419.25
275,30.43,1637349419.5
276,30.43,1637349419.75
277,30.45,1637349420.0
278,30.45,1637349420.25
279,30.45,1637349420.5
280,30.45,1637349420.75
281,30.45,1637349421.0
282,30.45,1637349421.25
283,30.45,1637349421.5
284,30.45,1637349421.75
285,30.45,1637349422.0
286,30.45,1637349422.25
287,30.45,1637349422.5
288,30.45,1637349422.75
289,30.45,1637349423.0
290,30.45,1637349423.25
291,30.45,1637349423.5
292,30.45,1637349423.75
293,30.47,1637349424.0
294,30.47,1637349424.25
295,30.47,1637349424.5
296,30.47,1637349424.75
297,30.43,1637349425.0
298,30.43,1637349425.25
299,30.43,1637349425.5
300,30.43,1637349425.75
301,30.45,1637349426.0
302,30.45,1637349426.25
303,30.45,1637349426.5
304,30.45,1637349426.75
305,30.45,1637349427.0
306,30.45,1637349427.25
307,30.45,1637349427.5
308,30.45,1637349427.75
309,30.43,1637349428.0
310,30.43,1637349428.25
311,30.43,1637349428.5
312,30.43,1637349428.75
313,30.43,1637349429.0
314,30.43,1637349429.25
315,30.43,1637349429.5
316,30.43,1637349429.75
317,30.43,1637349430.0
318,30.43,1637349430.25
319,30.43,1637349430.5
320,30.43,1637349430.75
321,30.39,1637349431.0
322,30.39,1637349431.25
323,30.39,1637349431.5
324,30.39,1637349431.75
325,30.43,1637349432.0
326,30.43,1637349432.25
327,30.43,1637349432.5
328,30.43,1637349432.75
329,30.41,1637349433.0
330,30.41,1637349433.25
331,30.41,1637349433.5
332,30.41,1637349433.75
333,30.43,1637349434.0
334,30.43,1637349434.25
335,30.43,1637349434.5
336,30.43,1637349434.75
337,30.43,1637349435.0
338,30.43,1637349435.25
339,30.43,1637349435.5
340,30.43,1637349435.75
341,30.41,1637349436.0
342,30.41,1637349436.25
343,30.41,1637349436.5
344,30.41,1637349436.75
345,30.41,1637349437.0
346,30.41,1637349437.25
347,30.41,1637349437.5
348,30.41,1637349437.75
349,30.41,1637349438.0
350,30.41,1637349438.25
351,30.41,1637349438.5
352,30.41,1637349438.75
353,30.41,1637349439.0
354,30.41,1637349439.25
355,30.41,1637349439.5
356,30.41,1637349439.75
357,30.41,1637349440.0
358,30.41,1637349440.25
359,30.41,1637349440.5
360,30.41,1637349440.75
361,30.37,1637349441.0
362,30.37,1637349441.25
363,30.37,1637349441.5
364,30.37,1637349441.75
365,30.39,1637349442.0
366,30.39,1637349442.25
367,30.39,1637349442.5
368,30.39,1637349442.75
369,30.39,1637349443.0
370,30.39,1637349443.25
371,30.39,1637349443.5
372,30.39,1637349443.75
373,30.37,1637349444.0
374,30.37,1637349444.25
375,30.37,1637349444.5
376,30.37,1637349444.75
377,30.39,1637349445.0
378,30.39,1637349445.25
379,30.39,1637349445.5
380,30.39,1637349445.75
381,30.39,1637349446.0
382,30.39,1637349446.25
383,30.39,1637349446.5
384,30.39,1637349446.75
385,30.37,1637349447.0
386,30.37,1637349447.25
387,30.37,1637349447.5
388,30.37,1637349447.75
389,30.37,1637349448.0
390,30.37,1637349448.25
391,30.37,1637349448.5
392,30.37,1637349448.75
393,30.37,1637349449.0
394,30.37,1637349449.25
395,30.37,1637349449.5
396,30.37,1637349449.75
397,30.39,1637349450.0
398,30.39,1637349450.25
399,30.39,1637349450.5
400,30.39,1637349450.75
401,30.37,1637349451.0
402,30.37,1637349451.25
403,30.37,1637349451.5
404,30.37,1637349451.75
405,30.35,1637349452.0
406,30.35,1637349452.25
407,30.35,1637349452.5
408,30.35,1637349452.75
409,30.35,1637349453.0
410,30.35,1637349453.25
411,30.35,1637349453.5
412,30.35,1637349453.75
413,30.33,1637349454.0
414,30.33,1637349454.25
415,30.33,1637349454.5
416,30.33,1637349454.75
417,30.33,1637349455.0
418,30.33,1637349455.25
419,30.33,1637349455.5
420,30.33,1637349455.75
421,30.33,1637349456.0
422,30.33,1637349456.25
423,30.33,1637349456.5
424,30.33,1637349456.75
425,30.33,1637349457.0
426,30.33,1637349457.25
427,30.33,1637349457.5
428,30.33,1637349457.75
429,30.33,1637349458.0
430,30.33,1637349458.25
431,30.33,1637349458.5
432,30.33,1637349458.75
433,30.35,1637349459.0
434,30.35,1637349459.25
435,30.35,1637349459.5
436,30.35,1637349459.75
437,30.31,1637349460.0
438,30.31,1637349460.25
439,30.31,1637349460.5
440,30.31,1637349460.75
441,30.27,1637349461.0
442,30.27,1637349461.25
443,30.27,1637349461.5
444,30.27,1637349461.75
445,30.27,1637349462.0
446,30.27,1637349462.25
447,30.27,1637349462.5
448,30.27,1637349462.75
449,30.31,1637349463.0
450,30.31,1637349463.25
451,30.31,1637349463.5
452,30.31,1637349463.75
453,30.33,1637349464.0
454,30.33,1637349464.25
455,30.33,1637349464.5
456,30.33,1637349464.75
457,30.31,1637349465.0
458,30.31,1637349465.25
459,30.31,1637349465.5
460,30.31,1637349465.75
461,30.31,1637349466.0
462,30.31,1637349466.25
463,30.31,1637349466.5
464,30.31,1637349466.75
465,30.33,1637349467.0
466,30.33,1637349467.25
467,30.33,1637349467.5
468,30.33,1637349467.75
469,30.31,1637349468.0
470,30.31,1637349468.25
471,30.31,1637349468.5
472,30.31,1637349468.75
473,30.31,1637349469.0
474,30.31,1637349469.25
475,30.31,1637349469.5
476,30.31,1637349469.75
477,30.35,1637349470.0
478,30.35,1637349470.25
479,30.35,1637349470.5
480,30.35,1637349470.75
481,30.33,1637349471.0
482,30.33,1637349471.25
483,30.33,1637349471.5
484,30.33,1637349471.75
485,30.31,1637349472.0
486,30.31,1637349472.25
487,30.31,1637349472.5
488,30.31,1637349472.75
489,30.31,1637349473.0
490,30.31,1637349473.25
491,30.31,1637349473.5
492,30.31,1637349473.75
493,30.25,1637349474.0
494,30.25,1637349474.25
495,30.25,1637349474.5
496,30.25,1637349474.75
497,30.25,1637349475.0
498,30.25,1637349475.25
499,30.25,1637349475.5
500,30.25,1637349475.75
501,30.25,1637349476.0
502,30.25,1637349476.25
503,30.25,1637349476.5
504,30.25,1637349476.75
505,30.27,1637349477.0
506,30.27,1637349477.25
507,30.27,1637349477.5
508,30.27,1637349477.75
509,30.27,1637349478.0
510,30.27,1637349478.25
511,30.27,1637349478.5
512,30.27,1637349478.75
513,30.27,1637349479.0
514,30.27,1637349479.25
515,30.27,1637349479.5
516,30.27,1637349479.75
517,30.29,1637349480.0
518,30.29,1637349480.25
519,30.29,1637349480.5
520,30.29,1637349480.75
521,30.27,1637349481.0
522,30.27,1637349481.25
523,30.27,1637349481.5
524,30.27,1637349481.75
525,30.29,1637349482.0
526,30.29,1637349482.25
527,30.29,1637349482.5
528,30.29,1637349482.75
529,30.31,1637349483.0
530,30.31,1637349483.25
531,30.31,1637349483.5
532,30.31,1637349483.75
533,30.31,1637349484.0
534,30.31,1637349484.25
535,30.31,1637349484.5
536,30.31,1637349484.75
537,30.29,1637349485.0
538,30.29,1637349485.25
539,30.29,1637349485.5
540,30.29,1637349485.75
541,30.29,1637349486.0
542,30.29,1637349486.25
543,30.29,1637349486.5
544,30.29,1637349486.75
545,30.27,1637349487.0
546,30.27,1637349487.25
547,30.27,1637349487.5
548,30.27,1637349487.75
549,30.29,1637349488.0
550,30.29,1637349488.25
551,30.29,1637349488.5
552,30.29,1637349488.75
553,30.29,1637349489.0
554,30.29,1637349489.25
555,30.29,1637349489.5
556,30.29,1637349489.75
557,30.31,1637349490.0
558,30.31,1637349490.25
559,30.31,1637349490.5
560,30.31,1637349490.75
561,30.29,1637349491.0
562,30.29,1637349491.25
563,30.29,1637349491.5
564,30.29,1637349491.75
565,30.31,1637349492.0
566,30.31,1637349492.25
567,30.31,1637349492.5
568,30.31,1637349492.75
569,30.29,1637349493.0
570,30.29,1637349493.25
571,30.29,1637349493.5
572,30.29,1637349493.75
573,30.29,1637349494.0
574,30.29,1637349494.25
575,30.29,1637349494.5
576,30.29,1637349494.75
577,30.29,1637349495.0
578,30.29,1637349495.25
579,30.29,1637349495.5
580,30.29,1637349495.75
581,30.27,1637349496.0
582,30.27,1637349496.25
583,30.27,1637349496.5
584,30.27,1637349496.75
585,30.27,1637349497.0
586,30.27,1637349497.25
587,30.27,1637349497.5
588,30.27,1637349497.75
589,30.29,1637349498.0
590,30.29,1637349498.25
591,30.29,1637349498.5
592,30.29,1637349498.75
593,30.25,1637349499.0
594,30.25,1637349499.25
595,30.25,1637349499.5
596,30.25,1637349499.75
597,30.27,1637349500.0
598,30.27,1637349500.25
599,30.27,1637349500.5
600,30.27,1637349500.75
601,30.27,1637349501.0
602,30.27,1637349501.25
603,30.27,1637349501.5
604,30.27,1637349501.75
605,30.29,1637349502.0
606,30.29,1637349502.25
607,30.29,1637349502.5
608,30.29,1637349502.75
609,30.29,1637349503.0
610,30.29,1637349503.25
611,30.29,1637349503.5
612,30.29,1637349503.75
613,30.29,1637349504.0
614,30.29,1637349504.25
615,30.29,1637349504.5
616,30.29,1637349504.75
617,30.25,1637349505.0
618,30.25,1637349505.25
619,30.25,1637349505.5
620,30.25,1637349505.75
621,30.29,1637349506.0
622,30.29,1637349506.25
623,30.29,1637349506.5
624,30.29,1637349506.75
625,30.27,1637349507.0
626,30.27,1637349507.25
627,30.27,1637349507.5
628,30.27,1637349507.75
629,30.29,1637349508.0
630,30.29,1637349508.25
631,30.29,1637349508.5
632,30.29,1637349508.75
633,30.29,1637349509.0
634,30.29,1637349509.25
635,30.29,1637349509.5
636,30.29,1637349509.75
637,30.27,1637349510.0
638,30.27,1637349510.25
639,30.27,1637349510.5
640,30.27,1637349510.75
641,30.29,1637349511.0
642,30.29,1637349511.25
643,30.29,1637349511.5
644,30.29,1637349511.75
645,30.29,1637349512.0
646,30.29,1637349512.25
647,30.29,1637349512.5
648,30.29,1637349512.75
649,30.29,1637349513.0
650,30.29,1637349513.25
651,30.29,1637349513.5
652,30.29,1637349513.75
653,30.29,1637349514.0
654,30.29,1637349514.25
655,30.29,1637349514.5
656,30.29,1637349514.75
657,30.27,1637349515.0
658,30.27,1637349515.25
659,30.27,1637349515.5
660,30.27,1637349515.75
661,30.31,1637349516.0
662,30.31,1637349516.25
663,30.31,1637349516.5
664,30.31,1637349516.75
665,30.29,1637349517.0
666,30.29,1637349517.25
667,30.29,1637349517.5
668,30.29,1637349517.75
669,30.29,1637349518.0
670,30.29,1637349518.25
671,30.29,1637349518.5
672,30.29,1637349518.75
673,30.27,1637349519.0
674,30.27,1637349519.25
675,30.27,1637349519.5
676,30.27,1637349519.75
677,30.27,1637349520.0
678,30.27,1637349520.25
679,30.27,1637349520.5
680,30.27,1637349520.75
681,30.29,1637349521.0
682,30.29,1637349521.25
683,30.29,1637349521.5
684,30.29,1637349521.75
685,30.29,1637349522.0
686,30.29,1637349522.25
687,30.29,1637349522.5
688,30.29,1637349522.75
689,30.29,1637349523.0
690,30.29,1637349523.25
691,30.29,1637349523.5
692,30.29,1637349523.75
693,30.31,1637349524.0
694,30.31,1637349524.25
695,30.31,1637349524.5
696,30.31,1637349524.75
697,30.31,1637349525.0
698,30.31,1637349525.25
699,30.31,1637349525.5
700,30.31,1637349525.75
701,30.29,1637349526.0
702,30.29,1637349526.25
703,30.29,1637349526.5
704,30.29,1637349526.75
705,30.31,1637349527.0
706,30.31,1637349527.25
707,30.31,1637349527.5
708,30.31,1637349527.75
709,30.31,1637349528.0
710,30.31,1637349528.25
711,30.31,1637349528.5
712,30.31,1637349528.75
713,30.33,1637349529.0
714,30.33,1637349529.25
715,30.33,1637349529.5
716,30.33,1637349529.75
717,30.33,1637349530.0
718,30.33,1637349530.25
719,30.33,1637349530.5
720,30.33,1637349530.75
721,30.33,1637349531.0
722,30.33,1637349531.25
723,30.33,1637349531.5
724,30.33,1637349531.75
725,30.31,1637349532.0
726,30.31,1637349532.25
727,30.31,1637349532.5
728,30.31,1637349532.75
729,30.33,1637349533.0
730,30.33,1637349533.25
731,30.33,1637349533.5
732,30.33,1637349533.75
733,30.31,1637349534.0
734,30.31,1637349534.25
735,30.31,1637349534.5
736,30.31,1637349534.75
737,30.33,1637349535.0
738,30.33,1637349535.25
739,30.33,1637349535.5
740,30.33,1637349535.75
741,30.35,1637349536.0
742,30.35,1637349536.25
743,30.35,1637349536.5
744,30.35,1637349536.75
745,30.35,1637349537.0
746,30.35,1637349537.25
747,30.35,1637349537.5
748,30.35,1637349537.75
749,30.37,1637349538.0
750,30.37,1637349538.25
751,30.37,1637349538.5
752,30.37,1637349538.75
753,30.31,1637349539.0
754,30.31,1637349539.25
755,30.31,1637349539.5
756,30.31,1637349539.75
757,30.33,1637349540.0
758,30.33,1637349540.25
759,30.33,1637349540.5
760,30.33,1637349540.75
761,30.35,1637349541.0
762,30.35,1637349541.25
763,30.35,1637349541.5
764,30.35,1637349541.75
765,30.33,1637349542.0
766,30.33,1637349542.25
767,30.33,1637349542.5
768,30.33,1637349542.75
769,30.35,1637349543.0
770,30.35,1637349543.25
771,30.35,1637349543.5
772,30.35,1637349543.75
773,30.35,1637349544.0
774,30.35,1637349544.25
775,30.35,1637349544.5
776,30.35,1637349544.75
777,30.35,1637349545.0
778,30.35,1637349545.25
779,30.35,1637349545.5
780,30.35,1637349545.75
781,30.35,1637349546.0
782,30.35,1637349546.25
783,30.35,1637349546.5
784,30.35,1637349546.75
785,30.35,1637349547.0
786,30.35,1637349547.25
787,30.35,1637349547.5
788,30.35,1637349547.75
789,30.35,1637349548.0
790,30.35,1637349548.25
791,30.35,1637349548.5
792,30.35,1637349548.75
793,30.33,1637349549.0
794,30.33,1637349549.25
795,30.33,1637349549.5
796,30.33,1637349549.75
797,30.35,1637349550.0
798,30.35,1637349550.25
799,30.35,1637349550.5
800,30.35,1637349550.75
801,30.33,1637349551.0
802,30.33,1637349551.25
803,30.33,1637349551.5
804,30.33,1637349551.75
805,30.31,1637349552.0
806,30.31,1637349552.25
807,30.31,1637349552.5
808,30.31,1637349552.75
809,30.33,1637349553.0
810,30.33,1637349553.25
811,30.33,1637349553.5
812,30.33,1637349553.75
813,30.33,1637349554.0
814,30.33,1637349554.25
815,30.33,1637349554.5
816,30.33,1637349554.75
817,30.35,1637349555.0
818,30.35,1637349555.25
819,30.35,1637349555.5
820,30.35,1637349555.75
821,30.31,1637349556.0
822,30.31,1637349556.25
823,30.31,1637349556.5
824,30.31,1637349556.75
825,30.33,1637349557.0
826,30.33,1637349557.25
827,30.33,1637349557.5
828,30.33,1637349557.75
829,30.29,1637349558.0
830,30.29,1637349558.25
831,30.29,1637349558.5
832,30.29,1637349558.75
833,30.31,1637349559.0
834,30.31,1637349559.25
835,30.31,1637349559.5
836,30.31,1637349559.75
837,30.31,1637349560.0
838,30.31,1637349560.25
839,30.31,1637349560.5
840,30.31,1637349560.75
841,30.31,1637349561.0
842,30.31,1637349561.25
843,30.31,1637349561.5
844,30.31,1637349561.75
845,30.31,1637349562.0
846,30.31,1637349562.25
847,30.31,1637349562.5
848,30.31,1637349562.75
849,30.31,1637349563.0
850,30.31,1637349563.25
851,30.31,1637349563.5
852,30.31,1637349563.75
853,30.31,1637349564.0
854,30.31,1637349564.25
855,30.31,1637349564.5
856,30.31,1637349564.75
857,30.29,1637349565.0
858,30.29,1637349565.25
859,30.29,1637349565.5
860,30.29,1637349565.75
861,30.29,1637349566.0
862,30.29,1637349566.25
863,30.29,1637349566.5
864,30.29,1637349566.75
865,30.31,1637349567.0
866,30.31,1637349567.25
867,30.31,1637349567.5
868,30.31,1637349567.75
869,30.29,1637349568.0
870,30.29,1637349568.25
871,30.29,1637349568.5
872,30.29,1637349568.75
873,30.29,1637349569.0
874,30.29,1637349569.25
875,30.29,1637349569.5
876,30.29,1637349569.75
877,30.29,1637349570.0
878,30.29,1637349570.25
879,30.29,1637349570.5
880,30.29,1637349570.75
881,30.29,1637349571.0
882,30.29,1637349571.25
883,30.29,1637349571.5
884,30.29,1637349571.75
885,30.29,1637349572.0
886,30.29,1637349572.25
887,30.29,1637349572.5
888,30.29,1637349572.75
889,30.25,1637349573.0
890,30.25,1637349573.25
891,30.25,1637349573.5
892,30.25,1637349573.75
893,30.23,1637349574.0
894,30.23,1637349574.25
895,30.23,1637349574.5
896,30.23,1637349574.75
897,30.23,1637349575.0
898,30.23,1637349575.25
899,30.23,1637349575.5
900,30.23,1637349575.75
901,30.23,1637349576.0
902,30.23,1637349576.25
903,30.23,1637349576.5
904,30.23,1637349576.75
905,30.27,1637349577.0
906,30.27,1637349577.25
907,30.27,1637349577.5
908,30.27,1637349577.75
909,30.25,1637349578.0
910,30.25,1637349578.25
911,30.25,1637349578.5
912,30.25,1637349578.75
913,30.27,1637349579.0
914,30.27,1637349579.25
915,30.27,1637349579.5
916,30.27,1637349579.75
917,30.27,1637349580.0
918,30.27,1637349580.25
919,30.27,1637349580.5
920,30.27,1637349580.75
921,30.31,1637349581.0
922,30.31,1637349581.25
923,30.31,1637349581.5
924,30.31,1637349581.75
925,30.29,1637349582.0
926,30.29,1637349582.25
927,30.29,1637349582.5
928,30.29,1637349582.75
929,30.29,1637349583.0
930,30.29,1637349583.25
931,30.29,1637349583.5
932,30.29,1637349583.75
933,30.29,1637349584.0
934,30.29,1637349584.25
935,30.29,1637349584.5
936,30.29,1637349584.75
937,30.31,1637349585.0
938,30.31,1637349585.25
939,30.31,1637349585.5
940,30.31,1637349585.75
941,30.31,1637349586.0
942,30.31,1637349586.25
943,30.31,1637349586.5
944,30.31,1637349586.75
945,30.31,1637349587.0
946,30.31,1637349587.25
947,30.31,1637349587.5
948,30.31,1637349587.75
949,30.31,1637349588.0
950,30.31,1637349588.25
951,30.31,1637349588.5
952,30.31,1637349588.75
953,30.31,1637349589.0
954,30.31,1637349589.25
955,30.31,1637349589.5
956,30.31,1637349589.75
957,30.33,1637349590.0
958,30.33,1637349590.25
959,30.33,1637349590.5
960,30.33,1637349590.75
961,30.29,1637349591.0
962,30.29,1637349591.25
963,30.29,1637349591.5
964,30.29,1637349591.75
965,30.31,1637349592.0
966,30.31,1637349592.25
967,30.31,1637349592.5
968,30.31,1637349592.75
969,30.33,1637349593.0
970,30.33,1637349593.25
971,30.33,1637349593.5
972,30.33,1637349593.75
973,30.31,1637349594.0
974,30.31,1637349594.25
975,30.31,1637349594.5
976,30.31,1637349594.75
977,30.29,1637349595.0
978,30.29,1637349595.25
979,30.29,1637349595.5
980,30.29,1637349595.75
981,30.31,1637349596.0
982,30.31,1637349596.25
983,30.31,1637349596.5
984,30.31,1637349596.75
985,30.33,1637349597.0
986,30.33,1637349597.25
987,30.33,1637349597.5
988,30.33,1637349597.75
989,30.33,1637349598.0
990,30.33,1637349598.25
991,30.33,1637349598.5
992,30.33,1637349598.75
993,30.33,1637349599.0
994,30.33,1637349599.25
995,30.33,1637349599.5
996,30.33,1637349599.75
997,30.33,1637349600.0
998,30.33,1637349600.25
999,30.33,1637349600.5
1000,30.33,1637349600.75
1001,30.31,1637349601.0
1002,30.31,1637349601.25
1003,30.31,1637349601.5
1004,30.31,1637349601.75
1005,30.33,1637349602.0
1006,30.33,1637349602.25
1007,30.33,1637349602.5
1008,30.33,1637349602.75
1009,30.35,1637349603.0
1010,30.35,1637349603.25
1011,30.35,1637349603.5
1012,30.35,1637349603.75
1013,30.31,1637349604.0
1014,30.31,1637349604.25
1015,30.31,1637349604.5
1016,30.31,1637349604.75
1017,30.31,1637349605.0
1018,30.31,1637349605.25
1019,30.31,1637349605.5
1020,30.31,1637349605.75
1021,30.29,1637349606.0
1022,30.29,1637349606.25
1023,30.29,1637349606.5
1024,30.29,1637349606.75
1025,30.31,1637349607.0
1026,30.31,1637349607.25
1027,30.31,1637349607.5
1028,30.31,1637349607.75
1029,30.31,1637349608.0
1030,30.31,1637349608.25
1031,30.31,1637349608.5
1032,30.31,1637349608.75
1033,30.33,1637349609.0
1034,30.33,1637349609.25
1035,30.33,1637349609.5
1036,30.33,1637349609.75
1037,30.33,1637349610.0
1038,30.33,1637349610.25
1039,30.33,1637349610.5
1040,30.33,1637349610.75
1041,30.31,1637349611.0
1042,30.31,1637349611.25
1043,30.31,1637349611.5
1044,30.31,1637349611.75
1045,30.35,1637349612.0
1046,30.35,1637349612.25
1047,30.35,1637349612.5
1048,30.35,1637349612.75
1049,30.35,1637349613.0
1050,30.35,1637349613.25
1051,30.35,1637349613.5
1052,30.35,1637349613.75
1053,30.33,1637349614.0
1054,30.33,1637349614.25
1055,30.33,1637349614.5
1056,30.33,1637349614.75
1057,30.35,1637349615.0
1058,30.35,1637349615.25
1059,30.35,1637349615.5
1060,30.35,1637349615.75
1061,30.39,1637349616.0
1062,30.39,1637349616.25
1063,30.39,1637349616.5
1064,30.39,1637349616.75
1065,30.37,1637349617.0
1066,30.37,1637349617.25
1067,30.37,1637349617.5
1068,30.37,1637349617.75
1069,30.39,1637349618.0
1070,30.39,1637349618.25
1071,30.39,1637349618.5
1072,30.39,1637349618.75
1073,30.37,1637349619.0
1074,30.37,1637349619.25
1075,30.37,1637349619.5
1076,30.37,1637349619.75
1077,30.39,1637349620.0
1078,30.39,1637349620.25
1079,30.39,1637349620.5
1080,30.39,1637349620.75
1081,30.39,1637349621.0
1082,30.39,1637349621.25
1083,30.39,1637349621.5
1084,30.39,1637349621.75
1085,30.39,1637349622.0
1086,30.39,1637349622.25
1087,30.39,1637349622.5
1088,30.39,1637349622.75
1089,30.41,1637349623.0
1090,30.41,1637349623.25
1091,30.41,1637349623.5
1092,30.41,1637349623.75
1093,30.39,1637349624.0
1094,30.39,1637349624.25
1095,30.39,1637349624.5
1096,30.39,1637349624.75
1097,30.37,1637349625.0
1098,30.37,1637349625.25
1099,30.37,1637349625.5
1100,30.37,1637349625.75
1101,30.39,1637349626.0
1102,30.39,1637349626.25
1103,30.39,1637349626.5
1104,30.39,1637349626.75
1105,30.39,1637349627.0
1106,30.39,1637349627.25
1107,30.39,1637349627.5
1108,30.39,1637349627.75
1109,30.39,1637349628.0
1110,30.39,1637349628.25
1111,30.39,1637349628.5
1112,30.39,1637349628.75
1113,30.41,1637349629.0
1114,30.41,1637349629.25
1115,30.41,1637349629.5
1116,30.41,1637349629.75
1117,30.41,1637349630.0
1118,30.41,1637349630.25
1119,30.41,1637349630.5
1120,30.41,1637349630.75
1121,30.41,1637349631.0
1122,30.41,1637349631.25
1123,30.41,1637349631.5
1124,30.41,1637349631.75
1125,30.43,1637349632.0
1126,30.43,1637349632.25
1127,30.43,1637349632.5
1128,30.43,1637349632.75
1129,30.39,1637349633.0
1130,30.39,1637349633.25
1131,30.39,1637349633.5
1132,30.39,1637349633.75
1133,30.41,1637349634.0
1134,30.41,1637349634.25
1135,30.41,1637349634.5
1136,30.41,1637349634.75
1137,30.41,1637349635.0
1138,30.41,1637349635.25
1139,30.41,1637349635.5
1140,30.41,1637349635.75
1141,30.41,1637349636.0
1142,30.41,1637349636.25
1143,30.41,1637349636.5
1144,30.41,1637349636.75
1145,30.41,1637349637.0
1146,30.41,1637349637.25
1147,30.41,1637349637.5
1148,30.41,1637349637.75
1149,30.41,1637349638.0
1150,30.41,1637349638.25
1151,30.41,1637349638.5
1152,30.41,1637349638.75
1153,30.43,1637349639.0
1154,30.43,1637349639.25
1155,30.43,1637349639.5
1156,30.43,1637349639.75
1157,30.43,1637349640.0
1158,30.43,1637349640.25
1159,30.43,1637349640.5
1160,30.43,1637349640.75
1161,30.41,1637349641.0
1162,30.41,1637349641.25
1163,30.41,1637349641.5
1164,30.41,1637349641.75
1165,30.43,1637349642.0
1166,30.43,1637349642.25
1167,30.43,1637349642.5
1168,30.43,1637349642.75
1169,30.41,1637349643.0
1170,30.41,1637349643.25
1171,30.41,1637349643.5
1172,30.41,1637349643.75
1173,30.43,1637349644.0
1174,30.43,1637349644.25
1175,30.43,1637349644.5
1176,30.43,1637349644.75
1177,30.43,1637349645.0
1178,30.43,1637349645.25
1179,30.43,1637349645.5
1180,30.43,1637349645.75
1181,30.45,1637349646.0
1182,30.45,1637349646.25
1183,30.45,1637349646.5
1184,30.45,1637349646.75
1185,30.45,1637349647.0
1186,30.45,1637349647.25
1187,30.45,1637349647.5
1188,30.45,1637349647.75
1189,30.43,1637349648.0
1190,30.43,1637349648.25
1191,30.43,1637349648.5
1192,30.43,1637349648.75
1193,30.41,1637349649.0
1194,30.41,1637349649.25
1195,30.41,1637349649.5
1196,30.41,1637349649.75
1197,30.45,1637349650.0
1198,30.45,1637349650.25
1199,30.45,1637349650.5
1200,30.45,1637349650.75
1201,30.47,1637349651.0
1202,30.47,1637349651.25
1203,30.47,1637349651.5
1204,30.47,1637349651.75
1205,30.45,1637349652.0
1206,30.45,1637349652.25
1207,30.45,1637349652.5
1208,30.45,1637349652.75
1209,30.45,1637349653.0
1210,30.45,1637349653.25
1211,30.45,1637349653.5
1212,30.45,1637349653.75
1213,30.45,1637349654.0
1214,30.45,1637349654.25
1215,30.45,1637349654.5
1216,30.45,1637349654.75
1217,30.45,1637349655.0
1218,30.45,1637349655.25
1219,30.45,1637349655.5
1220,30.45,1637349655.75
1221,30.45,1637349656.0
1222,30.45,1637349656.25
1223,30.45,1637349656.5
1224,30.45,1637349656.75
1225,30.47,1637349657.0
1226,30.47,1637349657.25
1227,30.47,1637349657.5
1228,30.47,1637349657.75
1229,30.47,1637349658.0
1230,30.47,1637349658.25
1231,30.47,1637349658.5
1232,30.47,1637349658.75
1233,30.47,1637349659.0
1234,30.47,1637349659.25
1235,30.47,1637349659.5
1236,30.47,1637349659.75
1237,30.47,1637349660.0
1238,30.47,1637349660.25
1239,30.47,1637349660.5
1240,30.47,1637349660.75
1241,30.47,1637349661.0
1242,30.47,1637349661.25
1243,30.47,1637349661.5
1244,30.47,1637349661.75
1245,30.47,1637349662.0
1246,30.47,1637349662.25
1247,30.47,1637349662.5
1248,30.47,1637349662.75
1249,30.47,1637349663.0
1250,30.47,1637349663.25
1251,30.47,1637349663.5
1252,30.47,1637349663.75
1253,30.47,1637349664.0
1254,30.47,1637349664.25
1255,30.47,1637349664.5
1256,30.47,1637349664.75
1257,30.47,1637349665.0
1258,30.47,1637349665.25
1259,30.47,1637349665.5
1260,30.47,1637349665.75
1261,30.49,1637349666.0
1262,30.49,1637349666.25
1263,30.49,1637349666.5
1264,30.49,1637349666.75
1265,30.49,1637349667.0
1266,30.49,1637349667.25
1267,30.49,1637349667.5
1268,30.49,1637349667.75
1269,30.45,1637349668.0
1270,30.45,1637349668.25
1271,30.45,1637349668.5
1272,30.45,1637349668.75
1273,30.47,1637349669.0
1274,30.47,1637349669.25
1275,30.47,1637349669.5
1276,30.47,1637349669.75
1277,30.49,1637349670.0
1278,30.49,1637349670.25
1279,30.49,1637349670.5
1280,30.49,1637349670.75
1281,30.49,1637349671.0
1282,30.49,1637349671.25
1283,30.49,1637349671.5
1284,30.49,1637349671.75
1285,30.49,1637349672.0
1286,30.49,1637349672.25
1287,30.49,1637349672.5
1288,30.49,1637349672.75
1289,30.49,1637349673.0
1290,30.49,1637349673.25
1291,30.49,1637349673.5
1292,30.49,1637349673.75
1293,30.51,1637349674.0
1294,30.51,1637349674.25
1295,30.51,1637349674.5
1296,30.51,1637349674.75
1297,30.49,1637349675.0
1298,30.49,1637349675.25
1299,30.49,1637349675.5
1300,30.49,1637349675.75
1301,30.49,1637349676.0
1302,30.49,1637349676.25
1303,30.49,1637349676.5
1304,30.49,1637349676.75
1305,30.53,1637349677.0
1306,30.53,1637349677.25
1307,30.53,1637349677.5
1308,30.53,1637349677.75
1309,30.49,1637349678.0
1310,30.49,1637349678.25
1311,30.49,1637349678.5
1312,30.49,1637349678.75
1313,30.47,1637349679.0
1314,30.47,1637349679.25
1315,30.47,1637349679.5
1316,30.47,1637349679.75
1317,30.51,1637349680.0
1318,30.51,1637349680.25
1319,30.51,1637349680.5
1320,30.51,1637349680.75
1321,30.51,1637349681.0
1322,30.51,1637349681.25
1323,30.51,1637349681.5
1324,30.51,1637349681.75
1325,30.49,1637349682.0
1326,30.49,1637349682.25
1327,30.49,1637349682.5
1328,30.49,1637349682.75
1329,30.53,1637349683.0
1330,30.53,1637349683.25
1331,30.53,1637349683.5
1332,30.53,1637349683.75
1333,30.51,1637349684.0
1334,30.51,1637349684.25
1335,30.51,1637349684.5
1336,30.51,1637349684.75
1337,30.53,1637349685.0
1338,30.53,1637349685.25
1339,30.53,1637349685.5
1340,30.53,1637349685.75
1341,30.53,1637349686.0
1342,30.53,1637349686.25
1343,30.53,1637349686.5
1344,30.53,1637349686.75
1345,30.53,1637349687.0
1346,30.53,1637349687.25
1347,30.53,1637349687.5
1348,30.53,1637349687.75
1349,30.53,1637349688.0
1350,30.53,1637349688.25
1351,30.53,1637349688.5
1352,30.53,1637349688.75
1353,30.53,1637349689.0
1354,30.53,1637349689.25
1355,30.53,1637349689.5
1356,30.53,1637349689.75
1357,30.53,1637349690.0
1358,30.53,1637349690.25
1359,30.53,1637349690.5
1360,30.53,1637349690.75
1361,30.51,1637349691.0
1362,30.51,1637349691.25
1363,30.51,1637349691.5
1364,30.51,1637349691.75
1365,30.53,1637349692.0
1366,30.53,1637349692.25
1367,30.53,1637349692.5
1368,30.53,1637349692.75
1369,30.51,1637349693.0
1370,30.51,1637349693.25
1371,30.51,1637349693.5
1372,30.51,1637349693.75
1373,30.51,1637349694.0
1374,30.51,1637349694.25
1375,30.51,1637349694.5
1376,30.51,1637349694.75
1377,30.53,1637349695.0
1378,30.53,1637349695.25
1379,30.53,1637349695.5
1380,30.53,1637349695.75
1381,30.55,1637349696.0
1382,30.55,1637349696.25
1383,30.55,1637349696.5
1384,30.55,1637349696.75
1385,30.53,1637349697.0
1386,30.53,1637349697.25
1387,30.53,1637349697.5
1388,30.53,1637349697.75
1389,30.53,1637349698.0
1390,30.53,1637349698.25
1391,30.53,1637349698.5
1392,30.53,1637349698.75
1393,30.55,1637349699.0
1394,30.55,1637349699.25
1395,30.55,1637349699.5
1396,30.55,1637349699.75
1397,30.59,1637349700.0
1398,30.59,1637349700.25
1399,30.59,1637349700.5
1400,30.59,1637349700.75
1401,30.57,1637349701.0
1402,30.57,1637349701.25
1403,30.57,1637349701.5
1404,30.57,1637349701.75
1405,30.55,1637349702.0
1406,30.55,1637349702.25
1407,30.55,1637349702.5
1408,30.55,1637349702.75
1409,30.55,1637349703.0
1410,30.55,1637349703.25
1411,30.55,1637349703.5
1412,30.55,1637349703.75
1413,30.57,1637349704.0
1414,30.57,1637349704.25
1415,30.57,1637349704.5
1416,30.57,1637349704.75
1417,30.55,1637349705.0
1418,30.55,1637349705.25
1419,30.55,1637349705.5
1420,30.55,1637349705.75
1421,30.57,1637349706.0
1422,30.57,1637349706.25
1423,30.57,1637349706.5
1424,30.57,1637349706.75
1425,30.57,1637349707.0
1426,30.57,1637349707.25
1427,30.57,1637349707.5
1428,30.57,1637349707.75
1429,30.55,1637349708.0
1430,30.55,1637349708.25
1431,30.55,1637349708.5
1432,30.55,1637349708.75
1433,30.53,1637349709.0
1434,30.53,1637349709.25
1435,30.53,1637349709.5
1436,30.53,1637349709.75
1437,30.57,1637349710.0
1438,30.57,1637349710.25
1439,30.57,1637349710.5
1440,30.57,1637349710.75
1441,30.59,1637349711.0
1442,30.59,1637349711.25
1443,30.59,1637349711.5
1444,30.59,1637349711.75
1445,30.55,1637349712.0
1446,30.55,1637349712.25
1447,30.55,1637349712.5
1448,30.55,1637349712.75
1449,30.57,1637349713.0
1450,30.57,1637349713.25
1451,30.57,1637349713.5
1452,30.57,1637349713.75
1453,30.53,1637349714.0
1454,30.53,1637349714.25
1455,30.53,1637349714.5
1456,30.53,1637349714.75
1457,30.57,1637349715.0
1458,30.57,1637349715.25
1459,30.57,1637349715.5
1460,30.57,1637349715.75
1461,30.57,1637349716.0
1462,30.57,1637349716.25
1463,30.57,1637349716.5
1464,30.57,1637349716.75
1465,30.57,1637349717.0
1466,30.57,1637349717.25
1467,30.57,1637349717.5
1468,30.57,1637349717.75
1469,30.57,1637349718.0
1470,30.57,1637349718.25
1471,30.57,1637349718.5
1472,30.57,1637349718.75
1473,30.57,1637349719.0
1474,30.57,1637349719.25
1475,30.57,1637349719.5
1476,30.57,1637349719.75
1477,30.55,1637349720.0
1478,30.55,1637349720.25
1479,30.55,1637349720.5
1480,30.55,1637349720.75
1481,30.57,1637349721.0
1482,30.57,1637349721.25
1483,30.57,1637349721.5
1484,30.57,1637349721.75
1485,30.57,1637349722.0
1486,30.57,1637349722.25
1487,30.57,1637349722.5
1488,30.57,1637349722.75
1489,30.57,1637349723.0
1490,30.57,1637349723.25
1491,30.57,1637349723.5
1492,30.57,1637349723.75
1493,30.57,1637349724.0
1494,30.57,1637349724.25
1495,30.57,1637349724.5
1496,30.57,1637349724.75
1497,30.61,1637349725.0
1498,30.61,1637349725.25
1499,30.61,1637349725.5
1500,30.61,1637349725.75
1501,30.59,1637349726.0
1502,30.59,1637349726.25
1503,30.59,1637349726.5
1504,30.59,1637349726.75
1505,30.57,1637349727.0
1506,30.57,1637349727.25
1507,30.57,1637349727.5
1508,30.57,1637349727.75
1509,30.59,1637349728.0
1510,30.59,1637349728.25
1511,30.59,1637349728.5
1512,30.59,1637349728.75
1513,30.57,1637349729.0
1514,30.57,1637349729.25
1515,30.57,1637349729.5
1516,30.57,1637349729.75
1517,30.59,1637349730.0
1518,30.59,1637349730.25
1519,30.59,1637349730.5
1520,30.59,1637349730.75
1521,30.59,1637349731.0
1522,30.59,1637349731.25
1523,30.59,1637349731.5
1524,30.59,1637349731.75
1525,30.59,1637349732.0
1526,30.59,1637349732.25
1527,30.59,1637349732.5
1528,30.59,1637349732.75
1529,30.57,1637349733.0
1530,30.57,1637349733.25
1531,30.57,1637349733.5
1532,30.57,1637349733.75
1533,30.59,1637349734.0
1534,30.59,1637349734.25
1535,30.59,1637349734.5
1536,30.59,1637349734.75
1537,30.57,1637349735.0
1538,30.57,1637349735.25
1539,30.57,1637349735.5
1540,30.57,1637349735.75
1541,30.57,1637349736.0
1542,30.57,1637349736.25
1543,30.57,1637349736.5
1544,30.57,1637349736.75
1545,30.59,1637349737.0
1546,30.59,1637349737.25
1547,30.59,1637349737.5
1548,30.59,1637349737.75
1549,30.61,1637349738.0
1550,30.61,1637349738.25
1551,30.61,1637349738.5
1552,30.61,1637349738.75
1553,30.59,1637349739.0
1554,30.59,1637349739.25
1555,30.59,1637349739.5
1556,30.59,1637349739.75
1557,30.57,1637349740.0
1558,30.57,1637349740.25
1559,30.57,1637349740.5
1560,30.57,1637349740.75
1561,30.59,1637349741.0
1562,30.59,1637349741.25
1563,30.59,1637349741.5
1564,30.59,1637349741.75
1565,30.59,1637349742.0
1566,30.59,1637349742.25
1567,30.59,1637349742.5
1568,30.59,1637349742.75
1569,30.59,1637349743.0
1570,30.59,1637349743.25
1571,30.59,1637349743.5
1572,30.59,1637349743.75
1573,30.61,1637349744.0
1574,30.61,1637349744.25
1575,30.61,1637349744.5
1576,30.61,1637349744.75
1577,30.59,1637349745.0
1578,30.59,1637349745.25
1579,30.59,1637349745.5
1580,30.59,1637349745.75
1581,30.59,1637349746.0
1582,30.59,1637349746.25
1583,30.59,1637349746.5
1584,30.59,1637349746.75
1585,30.61,1637349747.0
1586,30.61,1637349747.25
1587,30.61,1637349747.5
1588,30.61,1637349747.75
1589,30.59,1637349748.0
1590,30.59,1637349748.25
1591,30.59,1637349748.5
1592,30.59,1637349748.75
1593,30.59,1637349749.0
1594,30.59,1637349749.25
1595,30.59,1637349749.5
1596,30.59,1637349749.75
1597,30.59,1637349750.0
1598,30.59,1637349750.25
1599,30.59,1637349750.5
1600,30.59,1637349750.75
1601,30.61,1637349751.0
1602,30.61,1637349751.25
1603,30.61,1637349751.5
1604,30.61,1637349751.75
1605,30.61,1637349752.0
1606,30.61,1637349752.25
1607,30.61,1637349752.5
1608,30.61,1637349752.75
1609,30.59,1637349753.0
1610,30.59,1637349753.25
1611,30.59,1637349753.5
1612,30.59,1637349753.75
1613,30.61,1637349754.0
1614,30.61,1637349754.25
1615,30.61,1637349754.5
1616,30.61,1637349754.75
1617,30.61,1637349755.0
1618,30.61,1637349755.25
1619,30.61,1637349755.5
1620,30.61,1637349755.75
1621,30.61,1637349756.0
1622,30.61,1637349756.25
1623,30.61,1637349756.5
1624,30.61,1637349756.75
1625,30.63,1637349757.0
1626,30.63,1637349757.25
1627,30.63,1637349757.5
1628,30.63,1637349757.75
1629,30.61,1637349758.0
1630,30.61,1637349758.25
1631,30.61,1637349758.5
1632,30.61,1637349758.75
1633,30.63,1637349759.0
1634,30.63,1637349759.25
1635,30.63,1637349759.5
1636,30.63,1637349759.75
1637,30.61,1637349760.0
1638,30.61,1637349760.25
1639,30.61,1637349760.5
1640,30.61,1637349760.75
1641,30.61,1637349761.0
1642,30.61,1637349761.25
1643,30.61,1637349761.5
1644,30.61,1637349761.75
1645,30.63,1637349762.0
1646,30.63,1637349762.25
1647,30.63,1637349762.5
1648,30.63,1637349762.75
1649,30.61,1637349763.0
1650,30.61,1637349763.25
1651,30.61,1637349763.5
1652,30.61,1637349763.75
1653,30.61,1637349764.0
1654,30.61,1637349764.25
1655,30.61,1637349764.5
1656,30.61,1637349764.75
1657,30.63,1637349765.0
1658,30.63,1637349765.25
1659,30.63,1637349765.5
1660,30.63,1637349765.75
1661,30.61,1637349766.0
1662,30.61,1637349766.25
1663,30.61,1637349766.5
1664,30.61,1637349766.75
1665,30.61,1637349767.0
1666,30.61,1637349767.25
1667,30.61,1637349767.5
1668,30.61,1637349767.75
1669,30.59,1637349768.0
1670,30.59,1637349768.25
1671,30.59,1637349768.5
1672,30.59,1637349768.75
1673,30.61,1637349769.0
1674,30.61,1637349769.25
1675,30.61,1637349769.5
1676,30.61,1637349769.75
1677,30.63,1637349770.0
1678,30.63,1637349770.25
1679,30.63,1637349770.5
1680,30.63,1637349770.75
1681,30.59,1637349771.0
1682,30.59,1637349771.25
1683,30.59,1637349771.5
1684,30.59,1637349771.75
1685,30.61,1637349772.0
1686,30.61,1637349772.25
1687,30.61,1637349772.5
1688,30.61,1637349772.75
1689,30.59,1637349773.0
1690,30.59,1637349773.25
1691,30.59,1637349773.5
1692,30.59,1637349773.75
1693,30.59,1637349774.0
1694,30.59,1637349774.25
1695,30.59,1637349774.5
1696,30.59,1637349774.75
1697,30.63,1637349775.0
1698,30.63,1637349775.25
1699,30.63,1637349775.5
1700,30.63,1637349775.75
1701,30.61,1637349776.0
1702,30.61,1637349776.25
1703,30.61,1637349776.5
1704,30.61,1637349776.75
1705,30.61,1637349777.0
1706,30.61,1637349777.25
1707,30.61,1637349777.5
1708,30.61,1637349777.75
1709,30.61,1637349778.0
1710,30.61,1637349778.25
1711,30.61,1637349778.5
1712,30.61,1637349778.75
1713,30.61,1637349779.0
1714,30.61,1637349779.25
1715,30.61,1637349779.5
1716,30.61,1637349779.75
1717,30.61,1637349780.0
1718,30.61,1637349780.25
1719,30.61,1637349780.5
1720,30.61,1637349780.75
1721,30.61,1637349781.0
1722,30.61,1637349781.25
1723,30.61,1637349781.5
1724,30.61,1637349781.75
1725,30.61,1637349782.0
1726,30.61,1637349782.25
1727,30.61,1637349782.5
1728,30.61,1637349782.75
1729,30.57,1637349783.0
1730,30.57,1637349783.25
1731,30.57,1637349783.5
1732,30.57,1637349783.75
1733,30.59,1637349784.0
1734,30.59,1637349784.25
1735,30.59,1637349784.5
1736,30.59,1637349784.75
1737,30.57,1637349785.0
1738,30.57,1637349785.25
1739,30.57,1637349785.5
1740,30.57,1637349785.75
1741,30.63,1637349786.0
1742,30.63,1637349786.25
1743,30.63,1637349786.5
1744,30.63,1637349786.75
1745,30.59,1637349787.0
1746,30.59,1637349787.25
1747,30.59,1637349787.5
1748,30.59,1637349787.75
1749,30.57,1637349788.0
1750,30.57,1637349788.25
1751,30.57,1637349788.5
1752,30.57,1637349788.75
1753,30.57,1637349789.0
1754,30.57,1637349789.25
1755,30.57,1637349789.5
1756,30.57,1637349789.75
1757,30.57,1637349790.0
1758,30.57,1637349790.25
1759,30.57,1637349790.5
1760,30.57,1637349790.75
1761,30.57,1637349791.0
1762,30.57,1637349791.25
1763,30.57,1637349791.5
1764,30.57,1637349791.75
1765,30.59,1637349792.0
1766,30.59,1637349792.25
1767,30.59,1637349792.5
1768,30.59,1637349792.75
1769,30.57,1637349793.0
1770,30.57,1637349793.25
1771,30.57,1637349793.5
1772,30.57,1637349793.75
1773,30.59,1637349794.0
1774,30.59,1637349794.25
1775,30.59,1637349794.5
1776,30.59,1637349794.75
1777,30.57,1637349795.0
1778,30.57,1637349795.25
1779,30.57,1637349795.5
1780,30.57,1637349795.75
1781,30.59,1637349796.0
1782,30.59,1637349796.25
1783,30.59,1637349796.5
1784,30.59,1637349796.75
1785,30.57,1637349797.0
1786,30.57,1637349797.25
1787,30.57,1637349797.5
1788,30.57,1637349797.75
1789,30.57,1637349798.0
1790,30.57,1637349798.25
1791,30.57,1637349798.5
1792,30.57,1637349798.75
1793,30.59,1637349799.0
1794,30.59,1637349799.25
1795,30.59,1637349799.5
1796,30.59,1637349799.75
1797,30.59,1637349800.0
1798,30.59,1637349800.25
1799,30.59,1637349800.5
1800,30.59,1637349800.75
1801,30.59,1637349801.0
1802,30.59,1637349801.25
1803,30.59,1637349801.5
1804,30.59,1637349801.75
1805,30.59,1637349802.0
1806,30.59,1637349802.25
1807,30.59,1637349802.5
1808,30.59,1637349802.75
1809,30.61,1637349803.0
1810,30.61,1637349803.25
1811,30.61,1637349803.5
1812,30.61,1637349803.75
1813,30.57,1637349804.0
1814,30.57,1637349804.25
1815,30.57,1637349804.5
1816,30.57,1637349804.75
1817,30.57,1637349805.0
1818,30.57,1637349805.25
1819,30.57,1637349805.5
1820,30.57,1637349805.75
1821,30.57,1637349806.0
1822,30.57,1637349806.25
1823,30.57,1637349806.5
1824,30.57,1637349806.75
1825,30.57,1637349807.0
1826,30.57,1637349807.25
1827,30.57,1637349807.5
1828,30.57,1637349807.75
1829,30.53,1637349808.0
1830,30.53,1637349808.25
1831,30.53,1637349808.5
1832,30.53,1637349808.75
1833,30.57,1637349809.0
1834,30.57,1637349809.25
1835,30.57,1637349809.5
1836,30.57,1637349809.75
1837,30.57,1637349810.0
1838,30.57,1637349810.25
1839,30.57,1637349810.5
1840,30.57,1637349810.75
1841,30.57,1637349811.0
1842,30.57,1637349811.25
1843,30.57,1637349811.5
1844,30.57,1637349811.75
1845,30.55,1637349812.0
1846,30.55,1637349812.25
1847,30.55,1637349812.5
1848,30.55,1637349812.75
1849,30.55,1637349813.0
1850,30.55,1637349813.25
1851,30.55,1637349813.5
1852,30.55,1637349813.75
1853,30.55,1637349814.0
1854,30.55,1637349814.25
1855,30.55,1637349814.5
1856,30.55,1637349814.75
1857,30.53,1637349815.0
1858,30.53,1637349815.25
1859,30.53,1637349815.5
1860,30.53,1637349815.75
1861,30.51,1637349816.0
1862,30.51,1637349816.25
1863,30.51,1637349816.5
1864,30.51,1637349816.75
1865,30.53,1637349817.0
1866,30.53,1637349817.25
1867,30.53,1637349817.5
1868,30.53,1637349817.75
1869,30.51,1637349818.0
1870,30.51,1637349818.25
1871,30.51,1637349818.5
1872,30.51,1637349818.75
1873,30.53,1637349819.0
1874,30.53,1637349819.25
1875,30.53,1637349819.5
1876,30.53,1637349819.75
1877,30.51,1637349820.0
1878,30.51,1637349820.25
1879,30.51,1637349820.5
1880,30.51,1637349820.75
1881,30.53,1637349821.0
1882,30.53,1637349821.25
1883,30.53,1637349821.5
1884,30.53,1637349821.75
1885,30.49,1637349822.0
1886,30.49,1637349822.25
1887,30.49,1637349822.5
1888,30.49,1637349822.75
1889,30.49,1637349823.0
1890,30.49,1637349823.25
1891,30.49,1637349823.5
1892,30.49,1637349823.75
1893,30.47,1637349824.0
1894,30.47,1637349824.25
1895,30.47,1637349824.5
1896,30.47,1637349824.75
1897,30.51,1637349825.0
1898,30.51,1637349825.25
1899,30.51,1637349825.5
1900,30.51,1637349825.75
1901,30.51,1637349826.0
1902,30.51,1637349826.25
1903,30.51,1637349826.5
1904,30.51,1637349826.75
1905,30.49,1637349827.0
1906,30.49,1637349827.25
1907,30.49,1637349827.5
1908,30.49,1637349827.75
1909,30.51,1637349828.0
1910,30.51,1637349828.25
1911,30.51,1637349828.5
1912,30.51,1637349828.75
1913,30.47,1637349829.0
1914,30.47,1637349829.25
1915,30.47,1637349829.5
1916,30.47,1637349829.75
1917,30.47,1637349830.0
1918,30.47,1637349830.25
1919,30.47,1637349830.5
1920,30.47,1637349830.75
1921,30.49,1637349831.0
1922,30.49,1637349831.25
1923,30.49,1637349831.5
1924,30.49,1637349831.75
1925,30.47,1637349832.0
1926,30.47,1637349832.25
1927,30.47,1637349832.5
1928,30.47,1637349832.75
1929,30.47,1637349833.0
1930,30.47,1637349833.25
1931,30.47,1637349833.5
1932,30.47,1637349833.75
1933,30.47,1637349834.0
1934,30.47,1637349834.25
1935,30.47,1637349834.5
1936,30.47,1637349834.75
1937,30.49,1637349835.0
1938,30.49,1637349835.25
1939,30.49,1637349835.5
1940,30.49,1637349835.75
1941,30.45,1637349836.0
1942,30.45,1637349836.25
1943,30.45,1637349836.5
1944,30.45,1637349836.75
1945,30.47,1637349837.0
1946,30.47,1637349837.25
1947,30.47,1637349837.5
1948,30.47,1637349837.75
1949,30.45,1637349838.0
1950,30.45,1637349838.25
1951,30.45,1637349838.5
1952,30.45,1637349838.75
1953,30.47,1637349839.0
1954,30.47,1637349839.25
1955,30.47,1637349839.5
1956,30.47,1637349839.75
1957,30.45,1637349840.0
1958,30.45,1637349840.25
1959,30.45,1637349840.5
1960,30.45,1637349840.75
1961,30.47,1637349841.0
1962,30.47,1637349841.25
1963,30.47,1637349841.5
1964,30.47,1637349841.75
1965,30.47,1637349842.0
1966,30.47,1637349842.25
1967,30.47,1637349842.5
1968,30.47,1637349842.75
1969,30.45,1637349843.0
1970,30.45,1637349843.25
1971,30.45,1637349843.5
1972,30.45,1637349843.75
1973,30.47,1637349844.0
1974,30.47,1637349844.25
1975,30.47,1637349844.5
1976,30.47,1637349844.75
1977,30.45,1637349845.0
1978,30.45,1637349845.25
1979,30.45,1637349845.5
1980,30.45,1637349845.75
1981,30.45,1637349846.0
1982,30.45,1637349846.25
1983,30.45,1637349846.5
1984,30.45,1637349846.75
1985,30.47,1637349847.0
1986,30.47,1637349847.25
1987,30.47,1637349847.5
1988,30.47,1637349847.75
1989,30.47,1637349848.0
1990,30.47,1637349848.25
1991,30.47,1637349848.5
1992,30.47,1637349848.75
1993,30.47,1637349849.0
1994,30.47,1637349849.25
1995,30.47,1637349849.5
1996,30.47,1637349849.75
1997,30.45,1637349850.0
1998,30.45,1637349850.25
1999,30.45,1637349850.5
2000,30.45,1637349850.75
2001,30.45,1637349851.0
2002,30.45,1637349851.25
2003,30.45,1637349851.5
2004,30.45,1637349851.75
2005,30.45,1637349852.0
2006,30.45,1637349852.25
2007,30.45,1637349852.5
2008,30.45,1637349852.75
2009,30.45,1637349853.0
2010,30.45,1637349853.25
2011,30.45,1637349853.5
2012,30.45,1637349853.75
2013,30.47,1637349854.0
2014,30.47,1637349854.25
2015,30.47,1637349854.5
2016,30.47,1637349854.75
2017,30.45,1637349855.0
2018,30.45,1637349855.25
2019,30.45,1637349855.5
2020,30.45,1637349855.75
2021,30.47,1637349856.0
2022,30.47,1637349856.25
2023,30.47,1637349856.5
2024,30.47,1637349856.75
2025,30.45,1637349857.0
2026,30.45,1637349857.25
2027,30.45,1637349857.5
2028,30.45,1637349857.75
2029,30.47,1637349858.0
2030,30.47,1637349858.25
2031,30.47,1637349858.5
2032,30.47,1637349858.75
2033,30.47,1637349859.0
2034,30.47,1637349859.25
2035,30.47,1637349859.5
2036,30.47,1637349859.75
2037,30.49,1637349860.0
2038,30.49,1637349860.25
2039,30.49,1637349860.5
2040,30.49,1637349860.75
2041,30.49,1637349861.0
2042,30.49,1637349861.25
2043,30.49,1637349861.5
2044,30.49,1637349861.75
2045,30.45,1637349862.0
2046,30.45,1637349862.25
2047,30.45,1637349862.5
2048,30.45,1637349862.75
2049,30.47,1637349863.0
2050,30.47,1637349863.25
2051,30.47,1637349863.5
2052,30.47,1637349863.75
2053,30.49,1637349864.0
2054,30.49,1637349864.25
2055,30.49,1637349864.5
2056,30.49,1637349864.75
2057,30.47,1637349865.0
2058,30.47,1637349865.25
2059,30.47,1637349865.5
2060,30.47,1637349865.75
2061,30.47,1637349866.0
2062,30.47,1637349866.25
2063,30.47,1637349866.5
2064,30.47,1637349866.75
2065,30.45,1637349867.0
2066,30.45,1637349867.25
2067,30.45,1637349867.5
2068,30.45,1637349867.75
2069,30.47,1637349868.0
2070,30.47,1637349868.25
2071,30.47,1637349868.5
2072,30.47,1637349868.75
2073,30.47,1637349869.0
2074,30.47,1637349869.25
2075,30.47,1637349869.5
2076,30.47,1637349869.75
2077,30.49,1637349870.0
2078,30.49,1637349870.25
2079,30.49,1637349870.5
2080,30.49,1637349870.75
2081,30.47,1637349871.0
2082,30.47,1637349871.25
2083,30.47,1637349871.5
2084,30.47,1637349871.75
2085,30.49,1637349872.0
2086,30.49,1637349872.25
2087,30.49,1637349872.5
2088,30.49,1637349872.75
2089,30.45,1637349873.0
2090,30.45,1637349873.25
2091,30.45,1637349873.5
2092,30.45,1637349873.75
2093,30.49,1637349874.0
2094,30.49,1637349874.25
2095,30.49,1637349874.5
2096,30.49,1637349874.75
2097,30.49,1637349875.0
2098,30.49,1637349875.25
2099,30.49,1637349875.5
2100,30.49,1637349875.75
2101,30.47,1637349876.0
2102,30.47,1637349876.25
2103,30.47,1637349876.5
2104,30.47,1637349876.75
2105,30.49,1637349877.0
2106,30.49,1637349877.25
2107,30.49,1637349877.5
2108,30.49,1637349877.75
2109,30.49,1637349878.0
2110,30.49,1637349878.25
2111,30.49,1637349878.5
2112,30.49,1637349878.75
2113,30.51,1637349879.0
2114,30.51,1637349879.25
2115,30.51,1637349879.5
2116,30.51,1637349879.75
2117,30.47,1637349880.0
2118,30.47,1637349880.25
2119,30.47,1637349880.5
2120,30.47,1637349880.75
2121,30.49,1637349881.0
2122,30.49,1637349881.25
2123,30.49,1637349881.5
2124,30.49,1637349881.75
2125,30.45,1637349882.0
2126,30.45,1637349882.25
2127,30.45,1637349882.5
2128,30.45,1637349882.75
2129,30.49,1637349883.0
2130,30.49,1637349883.25
2131,30.49,1637349883.5
2132,30.49,1637349883.75
2133,30.49,1637349884.0
2134,30.49,1637349884.25
2135,30.49,1637349884.5
2136,30.49,1637349884.75
2137,30.47,1637349885.0
2138,30.47,1637349885.25
2139,30.47,1637349885.5
2140,30.47,1637349885.75
2141,30.47,1637349886.0
2142,30.47,1637349886.25
2143,30.47,1637349886.5
2144,30.47,1637349886.75
2145,30.47,1637349887.0
2146,30.47,1637349887.25
2147,30.47,1637349887.5
2148,30.47,1637349887.75
2149,30.49,1637349888.0
2150,30.49,1637349888.25
2151,30.49,1637349888.5
2152,30.49,1637349888.75
2153,30.49,1637349889.0
2154,30.49,1637349889.25
2155,30.49,1637349889.5
2156,30.49,1637349889.75
2157,30.49,1637349890.0
2158,30.49,1637349890.25
2159,30.49,1637349890.5
2160,30.49,1637349890.75
2161,30.49,1637349891.0
2162,30.49,1637349891.25
2163,30.49,1637349891.5
2164,30.49,1637349891.75
2165,30.51,1637349892.0
2166,30.51,1637349892.25
2167,30.51,1637349892.5
2168,30.51,1637349892.75
2169,30.49,1637349893.0
2170,30.49,1637349893.25
2171,30.49,1637349893.5
2172,30.49,1637349893.75
2173,30.49,1637349894.0
2174,30.49,1637349894.25
2175,30.49,1637349894.5
2176,30.49,1637349894.75
2177,30.49,1637349895.0
2178,30.49,1637349895.25
2179,30.49,1637349895.5
2180,30.49,1637349895.75
2181,30.51,1637349896.0
2182,30.51,1637349896.25
2183,30.51,1637349896.5
2184,30.51,1637349896.75
2185,30.51,1637349897.0
2186,30.51,1637349897.25
2187,30.51,1637349897.5
2188,30.51,1637349897.75
2189,30.49,1637349898.0
2190,30.49,1637349898.25
2191,30.49,1637349898.5
2192,30.49,1637349898.75
2193,30.49,1637349899.0
2194,30.49,1637349899.25
2195,30.49,1637349899.5
2196,30.49,1637349899.75
2197,30.51,1637349900.0
2198,30.51,1637349900.25
2199,30.51,1637349900.5
2200,30.51,1637349900.75
2201,30.53,1637349901.0
2202,30.53,1637349901.25
2203,30.53,1637349901.5
2204,30.53,1637349901.75
2205,30.53,1637349902.0
2206,30.53,1637349902.25
2207,30.53,1637349902.5
2208,30.53,1637349902.75
2209,30.53,1637349903.0
2210,30.53,1637349903.25
2211,30.53,1637349903.5
2212,30.53,1637349903.75
2213,30.53,1637349904.0
2214,30.53,1637349904.25
2215,30.53,1637349904.5
2216,30.53,1637349904.75
2217,30.51,1637349905.0
2218,30.51,1637349905.25
2219,30.51,1637349905.5
2220,30.51,1637349905.75
2221,30.51,1637349906.0
2222,30.51,1637349906.25
2223,30.51,1637349906.5
2224,30.51,1637349906.75
2225,30.53,1637349907.0
2226,30.53,1637349907.25
2227,30.53,1637349907.5
2228,30.53,1637349907.75
2229,30.51,1637349908.0
2230,30.51,1637349908.25
2231,30.51,1637349908.5
2232,30.51,1637349908.75
2233,30.49,1637349909.0
2234,30.49,1637349909.25
2235,30.49,1637349909.5
2236,30.49,1637349909.75
2237,30.55,1637349910.0
2238,30.55,1637349910.25
2239,30.55,1637349910.5
2240,30.55,1637349910.75
2241,30.53,1637349911.0
2242,30.53,1637349911.25
2243,30.53,1637349911.5
2244,30.53,1637349911.75
2245,30.55,1637349912.0
2246,30.55,1637349912.25
2247,30.55,1637349912.5
2248,30.55,1637349912.75
2249,30.53,1637349913.0
2250,30.53,1637349913.25
2251,30.53,1637349913.5
2252,30.53,1637349913.75
2253,30.55,1637349914.0
2254,30.55,1637349914.25
2255,30.55,1637349914.5
2256,30.55,1637349914.75
2257,30.53,1637349915.0
2258,30.53,1637349915.25
2259,30.53,1637349915.5
2260,30.53,1637349915.75
2261,30.53,1637349916.0
2262,30.53,1637349916.25
2263,30.53,1637349916.5
2264,30.53,1637349916.75
2265,30.53,1637349917.0
2266,30.53,1637349917.25
2267,30.53,1637349917.5
2268,30.53,1637349917.75
2269,30.57,1637349918.0
2270,30.57,1637349918.25
2271,30.57,1637349918.5
2272,30.57,1637349918.75
2273,30.55,1637349919.0
2274,30.55,1637349919.25
2275,30.55,1637349919.5
2276,30.55,1637349919.75
2277,30.53,1637349920.0
2278,30.53,1637349920.25
2279,30.53,1637349920.5
2280,30.53,1637349920.75
2281,30.55,1637349921.0
2282,30.55,1637349921.25
2283,30.55,1637349921.5
2284,30.55,1637349921.75
2285,30.55,1637349922.0
2286,30.55,1637349922.25
2287,30.55,1637349922.5
2288,30.55,1637349922.75
2289,30.57,1637349923.0
2290,30.57,1637349923.25
2291,30.57,1637349923.5
2292,30.57,1637349923.75
2293,30.55,1637349924.0
2294,30.55,1637349924.25
2295,30.55,1637349924.5
2296,30.55,1637349924.75
2297,30.55,1637349925.0
2298,30.55,1637349925.25
2299,30.55,1637349925.5
2300,30.55,1637349925.75
2301,30.55,1637349926.0
2302,30.55,1637349926.25
2303,30.55,1637349926.5
2304,30.55,1637349926.75
2305,30.57,1637349927.0
2306,30.57,1637349927.25
2307,30.57,1637349927.5
2308,30.57,1637349927.75
2309,30.55,1637349928.0
2310,30.55,1637349928.25
2311,30.55,1637349928.5
2312,30.55,1637349928.75
2313,30.57,1637349929.0
2314,30.57,1637349929.25
2315,30.57,1637349929.5
2316,30.57,1637349929.75
2317,30.57,1637349930.0
2318,30.57,1637349930.25
2319,30.57,1637349930.5
2320,30.57,1637349930.75
2321,30.55,1637349931.0
2322,30.55,1637349931.25
2323,30.55,1637349931.5
2324,30.55,1637349931.75
2325,30.55,1637349932.0
2326,30.55,1637349932.25
2327,30.55,1637349932.5
2328,30.55,1637349932.75
2329,30.55,1637349933.0
2330,30.55,1637349933.25
2331,30.55,1637349933.5
2332,30.55,1637349933.75
2333,30.53,1637349934.0
2334,30.53,1637349934.25
2335,30.53,1637349934.5
2336,30.53,1637349934.75
2337,30.55,1637349935.0
2338,30.55,1637349935.25
2339,30.55,1637349935.5
2340,30.55,1637349935.75
2341,30.57,1637349936.0
2342,30.57,1637349936.25
2343,30.57,1637349936.5
2344,30.57,1637349936.75
2345,30.59,1637349937.0
2346,30.59,1637349937.25
2347,30.59,1637349937.5
2348,30.59,1637349937.75
2349,30.55,1637349938.0
2350,30.55,1637349938.25
2351,30.55,1637349938.5
2352,30.55,1637349938.75
2353,30.57,1637349939.0
2354,30.57,1637349939.25
2355,30.57,1637349939.5
2356,30.57,1637349939.75
2357,30.57,1637349940.0
2358,30.57,1637349940.25
2359,30.57,1637349940.5
2360,30.57,1637349940.75
2361,30.57,1637349941.0
2362,30.57,1637349941.25
2363,30.57,1637349941.5
2364,30.57,1637349941.75
2365,30.57,1637349942.0
2366,30.57,1637349942.25
2367,30.57,1637349942.5
2368,30.57,1637349942.75
2369,30.57,1637349943.0
2370,30.57,1637349943.25
2371,30.57,1637349943.5
2372,30.57,1637349943.75
2373,30.57,1637349944.0
2374,30.57,1637349944.25
2375,30.57,1637349944.5
2376,30.57,1637349944.75
2377,30.59,1637349945.0
2378,30.59,1637349945.25
2379,30.59,1637349945.5
2380,30.59,1637349945.75
2381,30.61,1637349946.0
2382,30.61,1637349946.25
2383,30.61,1637349946.5
2384,30.61,1637349946.75
2385,30.59,1637349947.0
2386,30.59,1637349947.25
2387,30.59,1637349947.5
2388,30.59,1637349947.75
2389,30.59,1637349948.0
2390,30.59,1637349948.25
2391,30.59,1637349948.5
2392,30.59,1637349948.75
2393,30.61,1637349949.0
2394,30.61,1637349949.25
2395,30.61,1637349949.5
2396,30.61,1637349949.75
2397,30.59,1637349950.0
2398,30.59,1637349950.25
2399,30.59,1637349950.5
2400,30.59,1637349950.75
2401,30.59,1637349951.0
2402,30.59,1637349951.25
2403,30.59,1637349951.5
2404,30.59,1637349951.75
2405,30.61,1637349952.0
2406,30.61,1637349952.25
2407,30.61,1637349952.5
2408,30.61,1637349952.75
2409,30.61,1637349953.0
2410,30.61,1637349953.25
2411,30.61,1637349953.5
2412,30.61,1637349953.75
2413,30.61,1637349954.0
2414,30.61,1637349954.25
2415,30.61,1637349954.5
2416,30.61,1637349954.75
2417,30.61,1637349955.0
2418,30.61,1637349955.25
2419,30.61,1637349955.5
2420,30.61,1637349955.75
2421,30.63,1637349956.0
2422,30.63,1637349956.25
2423,30.63,1637349956.5
2424,30.63,1637349956.75
2425,30.61,1637349957.0
2426,30.61,1637349957.25
2427,30.61,1637349957.5
2428,30.61,1637349957.75
2429,30.61,1637349958.0
2430,30.61,1637349958.25
2431,30.61,1637349958.5
2432,30.61,1637349958.75
2433,30.61,1637349959.0
2434,30.61,1637349959.25
2435,30.61,1637349959.5
2436,30.61,1637349959.75
2437,30.63,1637349960.0
2438,30.63,1637349960.25
2439,30.63,1637349960.5
2440,30.63,1637349960.75
2441,30.61,1637349961.0
2442,30.61,1637349961.25
2443,30.61,1637349961.5
2444,30.61,1637349961.75
2445,30.61,1637349962.0
2446,30.61,1637349962.25
2447,30.61,1637349962.5
2448,30.61,1637349962.75
2449,30.63,1637349963.0
2450,30.63,1637349963.25
2451,30.63,1637349963.5
2452,30.63,1637349963.75
2453,30.61,1637349964.0
2454,30.61,1637349964.25
2455,30.61,1637349964.5
2456,30.61,1637349964.75
2457,30.61,1637349965.0
2458,30.61,1637349965.25
2459,30.61,1637349965.5
2460,30.61,1637349965.75
2461,30.63,1637349966.0
2462,30.63,1637349966.25
2463,30.63,1637349966.5
2464,30.63,1637349966.75
2465,30.65,1637349967.0
2466,30.65,1637349967.25
2467,30.65,1637349967.5
2468,30.65,1637349967.75
2469,30.63,1637349968.0
2470,30.63,1637349968.25
2471,30.63,1637349968.5
2472,30.63,1637349968.75
2473,30.63,1637349969.0
2474,30.63,1637349969.25
2475,30.63,1637349969.5
2476,30.63,1637349969.75
2477,30.63,1637349970.0
2478,30.63,1637349970.25
2479,30.63,1637349970.5
2480,30.63,1637349970.75
2481,30.65,1637349971.0
2482,30.65,1637349971.25
2483,30.65,1637349971.5
2484,30.65,1637349971.75
2485,30.65,1637349972.0
2486,30.65,1637349972.25
2487,30.65,1637349972.5
2488,30.65,1637349972.75
2489,30.65,1637349973.0
2490,30.65,1637349973.25
2491,30.65,1637349973.5
2492,30.65,1637349973.75
2493,30.65,1637349974.0
2494,30.65,1637349974.25
2495,30.65,1637349974.5
2496,30.65,1637349974.75
2497,30.63,1637349975.0
2498,30.63,1637349975.25
2499,30.63,1637349975.5
2500,30.63,1637349975.75
2501,30.65,1637349976.0
2502,30.65,1637349976.25
2503,30.65,1637349976.5
2504,30.65,1637349976.75
2505,30.65,1637349977.0
2506,30.65,1637349977.25
2507,30.65,1637349977.5
2508,30.65,1637349977.75
2509,30.67,1637349978.0
2510,30.67,1637349978.25
2511,30.67,1637349978.5
2512,30.67,1637349978.75
2513,30.67,1637349979.0
2514,30.67,1637349979.25
2515,30.67,1637349979.5
2516,30.67,1637349979.75
2517,30.67,1637349980.0
2518,30.67,1637349980.25
2519,30.67,1637349980.5
2520,30.67,1637349980.75
2521,30.65,1637349981.0
2522,30.65,1637349981.25
2523,30.65,1637349981.5
2524,30.65,1637349981.75
2525,30.65,1637349982.0
2526,30.65,1637349982.25
2527,30.65,1637349982.5
2528,30.65,1637349982.75
2529,30.65,1637349983.0
2530,30.65,1637349983.25
2531,30.65,1637349983.5
2532,30.65,1637349983.75
2533,30.67,1637349984.0
2534,30.67,1637349984.25
2535,30.67,1637349984.5
2536,30.67,1637349984.75
2537,30.67,1637349985.0
2538,30.67,1637349985.25
2539,30.67,1637349985.5
2540,30.67,1637349985.75
2541,30.67,1637349986.0
2542,30.67,1637349986.25
2543,30.67,1637349986.5
2544,30.67,1637349986.75
2545,30.67,1637349987.0
2546,30.67,1637349987.25
2547,30.67,1637349987.5
2548,30.67,1637349987.75
2549,30.67,1637349988.0
2550,30.67,1637349988.25
2551,30.67,1637349988.5
2552,30.67,1637349988.75
2553,30.65,1637349989.0
2554,30.65,1637349989.25
2555,30.65,1637349989.5
2556,30.65,1637349989.75
2557,30.67,1637349990.0
2558,30.67,1637349990.25
2559,30.67,1637349990.5
2560,30.67,1637349990.75
2561,30.69,1637349991.0
2562,30.69,1637349991.25
2563,30.69,1637349991.5
2564,30.69,1637349991.75
2565,30.67,1637349992.0
2566,30.67,1637349992.25
2567,30.67,1637349992.5
2568,30.67,1637349992.75
2569,30.67,1637349993.0
2570,30.67,1637349993.25
2571,30.67,1637349993.5
2572,30.67,1637349993.75
2573,30.67,1637349994.0
2574,30.67,1637349994.25
2575,30.67,1637349994.5
2576,30.67,1637349994.75
2577,30.69,1637349995.0
2578,30.69,1637349995.25
2579,30.69,1637349995.5
2580,30.69,1637349995.75
2581,30.69,1637349996.0
2582,30.69,1637349996.25
2583,30.69,1637349996.5
2584,30.69,1637349996.75
2585,30.71,1637349997.0
2586,30.71,1637349997.25
2587,30.71,1637349997.5
2588,30.71,1637349997.75
2589,30.69,1637349998.0
2590,30.69,1637349998.25
2591,30.69,1637349998.5
2592,30.69,1637349998.75
2593,30.69,1637349999.0
2594,30.69,1637349999.25
2595,30.69,1637349999.5
2596,30.69,1637349999.75
2597,30.71,1637350000.0
2598,30.71,1637350000.25
2599,30.71,1637350000.5
2600,30.71,1637350000.75
2601,30.73,1637350001.0
2602,30.73,1637350001.25
2603,30.73,1637350001.5
2604,30.73,1637350001.75
2605,30.67,1637350002.0
2606,30.67,1637350002.25
2607,30.67,1637350002.5
2608,30.67,1637350002.75
2609,30.71,1637350003.0
2610,30.71,1637350003.25
2611,30.71,1637350003.5
2612,30.71,1637350003.75
2613,30.69,1637350004.0
2614,30.69,1637350004.25
2615,30.69,1637350004.5
2616,30.69,1637350004.75
2617,30.69,1637350005.0
2618,30.69,1637350005.25
2619,30.69,1637350005.5
2620,30.69,1637350005.75
2621,30.71,1637350006.0
2622,30.71,1637350006.25
2623,30.71,1637350006.5
2624,30.71,1637350006.75
2625,30.73,1637350007.0
2626,30.73,1637350007.25
2627,30.73,1637350007.5
2628,30.73,1637350007.75
2629,30.69,1637350008.0
2630,30.69,1637350008.25
2631,30.69,1637350008.5
2632,30.69,1637350008.75
2633,30.69,1637350009.0
2634,30.69,1637350009.25
2635,30.69,1637350009.5
2636,30.69,1637350009.75
2637,30.71,1637350010.0
2638,30.71,1637350010.25
2639,30.71,1637350010.5
2640,30.71,1637350010.75
2641,30.71,1637350011.0
2642,30.71,1637350011.25
2643,30.71,1637350011.5
2644,30.71,1637350011.75
2645,30.71,1637350012.0
2646,30.71,1637350012.25
2647,30.71,1637350012.5
2648,30.71,1637350012.75
2649,30.69,1637350013.0
2650,30.69,1637350013.25
2651,30.69,1637350013.5
2652,30.69,1637350013.75
2653,30.71,1637350014.0
2654,30.71,1637350014.25
2655,30.71,1637350014.5
2656,30.71,1637350014.75
2657,30.71,1637350015.0
2658,30.71,1637350015.25
2659,30.71,1637350015.5
2660,30.71,1637350015.75
2661,30.75,1637350016.0
2662,30.75,1637350016.25
2663,30.75,1637350016.5
2664,30.75,1637350016.75
2665,30.73,1637350017.0
2666,30.73,1637350017.25
2667,30.73,1637350017.5
2668,30.73,1637350017.75
2669,30.73,1637350018.0
2670,30.73,1637350018.25
2671,30.73,1637350018.5
2672,30.73,1637350018.75
2673,30.75,1637350019.0
2674,30.75,1637350019.25
2675,30.75,1637350019.5
2676,30.75,1637350019.75
2677,30.75,1637350020.0
2678,30.75,1637350020.25
2679,30.75,1637350020.5
2680,30.75,1637350020.75
2681,30.75,1637350021.0
2682,30.75,1637350021.25
2683,30.75,1637350021.5
2684,30.75,1637350021.75
2685,30.75,1637350022.0
2686,30.75,1637350022.25
2687,30.75,1637350022.5
2688,30.75,1637350022.75
2689,30.77,1637350023.0
2690,30.77,1637350023.25
2691,30.77,1637350023.5
2692,30.77,1637350023.75
2693,30.77,1637350024.0
2694,30.77,1637350024.25
2695,30.77,1637350024.5
2696,30.77,1637350024.75
2697,30.77,1637350025.0
2698,30.77,1637350025.25
2699,30.77,1637350025.5
2700,30.77,1637350025.75
2701,30.77,1637350026.0
2702,30.77,1637350026.25
2703,30.77,1637350026.5
2704,30.77,1637350026.75
2705,30.79,1637350027.0
2706,30.79,1637350027.25
2707,30.79,1637350027.5
2708,30.79,1637350027.75
2709,30.77,1637350028.0
2710,30.77,1637350028.25
2711,30.77,1637350028.5
2712,30.77,1637350028.75
2713,30.81,1637350029.0
2714,30.81,1637350029.25
2715,30.81,1637350029.5
2716,30.81,1637350029.75
2717,30.79,1637350030.0
2718,30.79,1637350030.25
2719,30.79,1637350030.5
2720,30.79,1637350030.75
2721,30.83,1637350031.0
2722,30.83,1637350031.25
2723,30.83,1637350031.5
2724,30.83,1637350031.75
2725,30.83,1637350032.0
2726,30.83,1637350032.25
2727,30.83,1637350032.5
2728,30.83,1637350032.75
2729,30.81,1637350033.0
2730,30.81,1637350033.25
2731,30.81,1637350033.5
2732,30.81,1637350033.75
2733,30.83,1637350034.0
2734,30.83,1637350034.25
2735,30.83,1637350034.5
2736,30.83,1637350034.75
2737,30.81,1637350035.0
2738,30.81,1637350035.25
2739,30.81,1637350035.5
2740,30.81,1637350035.75
2741,30.81,1637350036.0
2742,30.81,1637350036.25
2743,30.81,1637350036.5
2744,30.81,1637350036.75
2745,30.83,1637350037.0
2746,30.83,1637350037.25
2747,30.83,1637350037.5
2748,30.83,1637350037.75
2749,30.85,1637350038.0
2750,30.85,1637350038.25
2751,30.85,1637350038.5
2752,30.85,1637350038.75
2753,30.85,1637350039.0
2754,30.85,1637350039.25
2755,30.85,1637350039.5
2756,30.85,1637350039.75
2757,30.83,1637350040.0
2758,30.83,1637350040.25
2759,30.83,1637350040.5
2760,30.83,1637350040.75
2761,30.85,1637350041.0
2762,30.85,1637350041.25
2763,30.85,1637350041.5
2764,30.85,1637350041.75
2765,30.85,1637350042.0
2766,30.85,1637350042.25
2767,30.85,1637350042.5
2768,30.85,1637350042.75
2769,30.85,1637350043.0
2770,30.85,1637350043.25
2771,30.85,1637350043.5
2772,30.85,1637350043.75
2773,30.85,1637350044.0
2774,30.85,1637350044.25
2775,30.85,1637350044.5
2776,30.85,1637350044.75
2777,30.85,1637350045.0
2778,30.85,1637350045.25
2779,30.85,1637350045.5
2780,30.85,1637350045.75
2781,30.87,1637350046.0
2782,30.87,1637350046.25
2783,30.87,1637350046.5
2784,30.87,1637350046.75
2785,30.87,1637350047.0
2786,30.87,1637350047.25
2787,30.87,1637350047.5
2788,30.87,1637350047.75
2789,30.91,1637350048.0
2790,30.91,1637350048.25
2791,30.91,1637350048.5
2792,30.91,1637350048.75
2793,30.87,1637350049.0
2794,30.87,1637350049.25
2795,30.87,1637350049.5
2796,30.87,1637350049.75
2797,30.87,1637350050.0
2798,30.87,1637350050.25
2799,30.87,1637350050.5
2800,30.87,1637350050.75
2801,30.89,1637350051.0
2802,30.89,1637350051.25
2803,30.89,1637350051.5
2804,30.89,1637350051.75
2805,30.87,1637350052.0
2806,30.87,1637350052.25
2807,30.87,1637350052.5
2808,30.87,1637350052.75
2809,30.87,1637350053.0
2810,30.87,1637350053.25
2811,30.87,1637350053.5
2812,30.87,1637350053.75
2813,30.85,1637350054.0
2814,30.85,1637350054.25
2815,30.85,1637350054.5
2816,30.85,1637350054.75
2817,30.87,1637350055.0
2818,30.87,1637350055.25
2819,30.87,1637350055.5
2820,30.87,1637350055.75
2821,30.87,1637350056.0
2822,30.87,1637350056.25
2823,30.87,1637350056.5
2824,30.87,1637350056.75
2825,30.87,1637350057.0
2826,30.87,1637350057.25
2827,30.87,1637350057.5
2828,30.87,1637350057.75
2829,30.85,1637350058.0
2830,30.85,1637350058.25
2831,30.85,1637350058.5
2832,30.85,1637350058.75
2833,30.87,1637350059.0
2834,30.87,1637350059.25
2835,30.87,1637350059.5
2836,30.87,1637350059.75
2837,30.87,1637350060.0
2838,30.87,1637350060.25
2839,30.87,1637350060.5
2840,30.87,1637350060.75
2841,30.85,1637350061.0
2842,30.85,1637350061.25
2843,30.85,1637350061.5
2844,30.85,1637350061.75
2845,30.87,1637350062.0
2846,30.87,1637350062.25
2847,30.87,1637350062.5
2848,30.87,1637350062.75
2849,30.89,1637350063.0
2850,30.89,1637350063.25
2851,30.89,1637350063.5
2852,30.89,1637350063.75
2853,30.87,1637350064.0
2854,30.87,1637350064.25
2855,30.87,1637350064.5
2856,30.87,1637350064.75
2857,30.87,1637350065.0
2858,30.87,1637350065.25
2859,30.87,1637350065.5
2860,30.87,1637350065.75
2861,30.87,1637350066.0
2862,30.87,1637350066.25
2863,30.87,1637350066.5
2864,30.87,1637350066.75
2865,30.85,1637350067.0
2866,30.85,1637350067.25
2867,30.85,1637350067.5
2868,30.85,1637350067.75
2869,30.87,1637350068.0
2870,30.87,1637350068.25
2871,30.87,1637350068.5
2872,30.87,1637350068.75
2873,30.87,1637350069.0
2874,30.87,1637350069.25
2875,30.87,1637350069.5
2876,30.87,1637350069.75
2877,30.89,1637350070.0
2878,30.89,1637350070.25
2879,30.89,1637350070.5
2880,30.89,1637350070.75
2881,30.87,1637350071.0
2882,30.87,1637350071.25
2883,30.87,1637350071.5
2884,30.87,1637350071.75
2885,30.87,1637350072.0
2886,30.87,1637350072.25
2887,30.87,1637350072.5
2888,30.87,1637350072.75
2889,30.89,1637350073.0
2890,30.89,1637350073.25
2891,30.89,1637350073.5
2892,30.89,1637350073.75
2893,30.89,1637350074.0
2894,30.89,1637350074.25
2895,30.89,1637350074.5
2896,30.89,1637350074.75
2897,30.87,1637350075.0
2898,30.87,1637350075.25
2899,30.87,1637350075.5
2900,30.87,1637350075.75
2901,30.87,1637350076.0
2902,30.87,1637350076.25
2903,30.87,1637350076.5
2904,30.87,1637350076.75
2905,30.89,1637350077.0
2906,30.89,1637350077.25
2907,30.89,1637350077.5
2908,30.89,1637350077.75
2909,30.85,1637350078.0
2910,30.85,1637350078.25
2911,30.85,1637350078.5
2912,30.85,1637350078.75
2913,30.87,1637350079.0
2914,30.87,1637350079.25
2915,30.87,1637350079.5
2916,30.87,1637350079.75
2917,30.85,1637350080.0
2918,30.85,1637350080.25
2919,30.85,1637350080.5
2920,30.85,1637350080.75
2921,30.85,1637350081.0
2922,30.85,1637350081.25
2923,30.85,1637350081.5
2924,30.85,1637350081.75
2925,30.83,1637350082.0
2926,30.83,1637350082.25
2927,30.83,1637350082.5
2928,30.83,1637350082.75
2929,30.83,1637350083.0
2930,30.83,1637350083.25
2931,30.83,1637350083.5
2932,30.83,1637350083.75
2933,30.85,1637350084.0
2934,30.85,1637350084.25
2935,30.85,1637350084.5
2936,30.85,1637350084.75
2937,30.83,1637350085.0
2938,30.83,1637350085.25
2939,30.83,1637350085.5
2940,30.83,1637350085.75
2941,30.85,1637350086.0
2942,30.85,1637350086.25
2943,30.85,1637350086.5
2944,30.85,1637350086.75
2945,30.81,1637350087.0
2946,30.81,1637350087.25
2947,30.81,1637350087.5
2948,30.81,1637350087.75
2949,30.83,1637350088.0
2950,30.83,1637350088.25
2951,30.83,1637350088.5
2952,30.83,1637350088.75
2953,30.83,1637350089.0
2954,30.83,1637350089.25
2955,30.83,1637350089.5
2956,30.83,1637350089.75
2957,30.81,1637350090.0
2958,30.81,1637350090.25
2959,30.81,1637350090.5
2960,30.81,1637350090.75
2961,30.81,1637350091.0
2962,30.81,1637350091.25
2963,30.81,1637350091.5
2964,30.81,1637350091.75
2965,30.83,1637350092.0
2966,30.83,1637350092.25
2967,30.83,1637350092.5
2968,30.83,1637350092.75
2969,30.81,1637350093.0
2970,30.81,1637350093.25
2971,30.81,1637350093.5
2972,30.81,1637350093.75
2973,30.83,1637350094.0
2974,30.83,1637350094.25
2975,30.83,1637350094.5
2976,30.83,1637350094.75
2977,30.81,1637350095.0
2978,30.81,1637350095.25
2979,30.81,1637350095.5
2980,30.81,1637350095.75
2981,30.79,1637350096.0
2982,30.79,1637350096.25
2983,30.79,1637350096.5
2984,30.79,1637350096.75
2985,30.81,1637350097.0
2986,30.81,1637350097.25
2987,30.81,1637350097.5
2988,30.81,1637350097.75
2989,30.81,1637350098.0
2990,30.81,1637350098.25
2991,30.81,1637350098.5
2992,30.81,1637350098.75
2993,30.77,1637350099.0
2994,30.77,1637350099.25
2995,30.77,1637350099.5
2996,30.77,1637350099.75
2997,30.79,1637350100.0
2998,30.79,1637350100.25
2999,30.79,1637350100.5
3000,30.79,1637350100.75
3001,30.79,1637350101.0
3002,30.79,1637350101.25
3003,30.79,1637350101.5
3004,30.79,1637350101.75
3005,30.77,1637350102.0
3006,30.77,1637350102.25
3007,30.77,1637350102.5
3008,30.77,1637350102.75
3009,30.79,1637350103.0
3010,30.79,1637350103.25
3011,30.79,1637350103.5
3012,30.79,1637350103.75
3013,30.77,1637350104.0
3014,30.77,1637350104.25
3015,30.77,1637350104.5
3016,30.77,1637350104.75
3017,30.77,1637350105.0
3018,30.77,1637350105.25
3019,30.77,1637350105.5
3020,30.77,1637350105.75
3021,30.79,1637350106.0
3022,30.79,1637350106.25
3023,30.79,1637350106.5
3024,30.79,1637350106.75
3025,30.77,1637350107.0
3026,30.77,1637350107.25
3027,30.77,1637350107.5
3028,30.77,1637350107.75
3029,30.79,1637350108.0
3030,30.79,1637350108.25
3031,30.79,1637350108.5
3032,30.79,1637350108.75
3033,30.77,1637350109.0
3034,30.77,1637350109.25
3035,30.77,1637350109.5
3036,30.77,1637350109.75
3037,30.75,1637350110.0
3038,30.75,1637350110.25
3039,30.75,1637350110.5
3040,30.75,1637350110.75
3041,30.75,1637350111.0
3042,30.75,1637350111.25
3043,30.75,1637350111.5
3044,30.75,1637350111.75
3045,30.75,1637350112.0
3046,30.75,1637350112.25
3047,30.75,1637350112.5
3048,30.75,1637350112.75
3049,30.75,1637350113.0
3050,30.75,1637350113.25
3051,30.75,1637350113.5
3052,30.75,1637350113.75
3053,30.77,1637350114.0
3054,30.77,1637350114.25
3055,30.77,1637350114.5
3056,30.77,1637350114.75
3057,30.77,1637350115.0
3058,30.77,1637350115.25
3059,30.77,1637350115.5
3060,30.77,1637350115.75
3061,30.77,1637350116.0
3062,30.77,1637350116.25
3063,30.77,1637350116.5
3064,30.77,1637350116.75
3065,30.77,1637350117.0
3066,30.77,1637350117.25
3067,30.77,1637350117.5
3068,30.77,1637350117.75
3069,30.75,1637350118.0
3070,30.75,1637350118.25
3071,30.75,1637350118.5
3072,30.75,1637350118.75
3073,30.75,1637350119.0
3074,30.75,1637350119.25
3075,30.75,1637350119.5
3076,30.75,1637350119.75
3077,30.77,1637350120.0
3078,30.77,1637350120.25
3079,30.77,1637350120.5
3080,30.77,1637350120.75
3081,30.79,1637350121.0
3082,30.79,1637350121.25
3083,30.79,1637350121.5
3084,30.79,1637350121.75
3085,30.77,1637350122.0
3086,30.77,1637350122.25
3087,30.77,1637350122.5
3088,30.77,1637350122.75
3089,30.79,1637350123.0
3090,30.79,1637350123.25
3091,30.79,1637350123.5
3092,30.79,1637350123.75
3093,30.79,1637350124.0
3094,30.79,1637350124.25
3095,30.79,1637350124.5
3096,30.79,1637350124.75
3097,30.77,1637350125.0
3098,30.77,1637350125.25
3099,30.77,1637350125.5
3100,30.77,1637350125.75
3101,30.77,1637350126.0
3102,30.77,1637350126.25
3103,30.77,1637350126.5
3104,30.77,1637350126.75
3105,30.77,1637350127.0
3106,30.77,1637350127.25
3107,30.77,1637350127.5
3108,30.77,1637350127.75
3109,30.79,1637350128.0
3110,30.79,1637350128.25
3111,30.79,1637350128.5
3112,30.79,1637350128.75
3113,30.79,1637350129.0
3114,30.79,1637350129.25
3115,30.79,1637350129.5
3116,30.79,1637350129.75
3117,30.77,1637350130.0
3118,30.77,1637350130.25
3119,30.77,1637350130.5
3120,30.77,1637350130.75
3121,30.77,1637350131.0
3122,30.77,1637350131.25
3123,30.77,1637350131.5
3124,30.77,1637350131.75
3125,30.79,1637350132.0
3126,30.79,1637350132.25
3127,30.79,1637350132.5
3128,30.79,1637350132.75
3129,30.79,1637350133.0
3130,30.79,1637350133.25
3131,30.79,1637350133.5
3132,30.79,1637350133.75
3133,30.79,1637350134.0
3134,30.79,1637350134.25
3135,30.79,1637350134.5
3136,30.79,1637350134.75
3137,30.77,1637350135.0
3138,30.77,1637350135.25
3139,30.77,1637350135.5
3140,30.77,1637350135.75
3141,30.79,1637350136.0
3142,30.79,1637350136.25
3143,30.79,1637350136.5
3144,30.79,1637350136.75
3145,30.77,1637350137.0
3146,30.77,1637350137.25
3147,30.77,1637350137.5
3148,30.77,1637350137.75
3149,30.79,1637350138.0
3150,30.79,1637350138.25
3151,30.79,1637350138.5
3152,30.79,1637350138.75
3153,30.79,1637350139.0
3154,30.79,1637350139.25
3155,30.79,1637350139.5
3156,30.79,1637350139.75
3157,30.81,1637350140.0
3158,30.81,1637350140.25
3159,30.81,1637350140.5
3160,30.81,1637350140.75
3161,30.81,1637350141.0
3162,30.81,1637350141.25
3163,30.81,1637350141.5
3164,30.81,1637350141.75
3165,30.81,1637350142.0
3166,30.81,1637350142.25
3167,30.81,1637350142.5
3168,30.81,1637350142.75
3169,30.81,1637350143.0
3170,30.81,1637350143.25
3171,30.81,1637350143.5
3172,30.81,1637350143.75
3173,30.81,1637350144.0
3174,30.81,1637350144.25
3175,30.81,1637350144.5
3176,30.81,1637350144.75
3177,30.81,1637350145.0
3178,30.81,1637350145.25
3179,30.81,1637350145.5
3180,30.81,1637350145.75
3181,30.81,1637350146.0
3182,30.81,1637350146.25
3183,30.81,1637350146.5
3184,30.81,1637350146.75
3185,30.83,1637350147.0
3186,30.83,1637350147.25
3187,30.83,1637350147.5
3188,30.83,1637350147.75
3189,30.83,1637350148.0
3190,30.83,1637350148.25
3191,30.83,1637350148.5
3192,30.83,1637350148.75
3193,30.83,1637350149.0
3194,30.83,1637350149.25
3195,30.83,1637350149.5
3196,30.83,1637350149.75
3197,30.83,1637350150.0
3198,30.83,1637350150.25
3199,30.83,1637350150.5
3200,30.83,1637350150.75
3201,30.83,1637350151.0
3202,30.83,1637350151.25
3203,30.83,1637350151.5
3204,30.83,1637350151.75
3205,30.83,1637350152.0
3206,30.83,1637350152.25
3207,30.83,1637350152.5
3208,30.83,1637350152.75
3209,30.83,1637350153.0
3210,30.83,1637350153.25
3211,30.83,1637350153.5
3212,30.83,1637350153.75
3213,30.83,1637350154.0
3214,30.83,1637350154.25
3215,30.83,1637350154.5
3216,30.83,1637350154.75
3217,30.81,1637350155.0
3218,30.81,1637350155.25
3219,30.81,1637350155.5
3220,30.81,1637350155.75
3221,30.83,1637350156.0
3222,30.83,1637350156.25
3223,30.83,1637350156.5
3224,30.83,1637350156.75
3225,30.83,1637350157.0
3226,30.83,1637350157.25
3227,30.83,1637350157.5
3228,30.83,1637350157.75
3229,30.83,1637350158.0
3230,30.83,1637350158.25
3231,30.83,1637350158.5
3232,30.83,1637350158.75
3233,30.83,1637350159.0
3234,30.83,1637350159.25
3235,30.83,1637350159.5
3236,30.83,1637350159.75
3237,30.83,1637350160.0
3238,30.83,1637350160.25
3239,30.83,1637350160.5
3240,30.83,1637350160.75
3241,30.85,1637350161.0
3242,30.85,1637350161.25
3243,30.85,1637350161.5
3244,30.85,1637350161.75
3245,30.83,1637350162.0
3246,30.83,1637350162.25
3247,30.83,1637350162.5
3248,30.83,1637350162.75
3249,30.83,1637350163.0
3250,30.83,1637350163.25
3251,30.83,1637350163.5
3252,30.83,1637350163.75
3253,30.83,1637350164.0
3254,30.83,1637350164.25
3255,30.83,1637350164.5
3256,30.83,1637350164.75
3257,30.85,1637350165.0
3258,30.85,1637350165.25
3259,30.85,1637350165.5
3260,30.85,1637350165.75
3261,30.83,1637350166.0
3262,30.83,1637350166.25
3263,30.83,1637350166.5
3264,30.83,1637350166.75
3265,30.85,1637350167.0
3266,30.85,1637350167.25
3267,30.85,1637350167.5
3268,30.85,1637350167.75
3269,30.87,1637350168.0
3270,30.87,1637350168.25
3271,30.87,1637350168.5
3272,30.87,1637350168.75
3273,30.85,1637350169.0
3274,30.85,1637350169.25
3275,30.85,1637350169.5
3276,30.85,1637350169.75
3277,30.87,1637350170.0
3278,30.87,1637350170.25
3279,30.87,1637350170.5
3280,30.87,1637350170.75
3281,30.85,1637350171.0
3282,30.85,1637350171.25
3283,30.85,1637350171.5
3284,30.85,1637350171.75
3285,30.83,1637350172.0
3286,30.83,1637350172.25
3287,30.83,1637350172.5
3288,30.83,1637350172.75
3289,30.85,1637350173.0
3290,30.85,1637350173.25
3291,30.85,1637350173.5
3292,30.85,1637350173.75
3293,30.87,1637350174.0
3294,30.87,1637350174.25
3295,30.87,1637350174.5
3296,30.87,1637350174.75
3297,30.85,1637350175.0
3298,30.85,1637350175.25
3299,30.85,1637350175.5
3300,30.85,1637350175.75
3301,30.87,1637350176.0
3302,30.87,1637350176.25
3303,30.87,1637350176.5
3304,30.87,1637350176.75
3305,30.87,1637350177.0
3306,30.87,1637350177.25
3307,30.87,1637350177.5
3308,30.87,1637350177.75
3309,30.87,1637350178.0
3310,30.87,1637350178.25
3311,30.87,1637350178.5
3312,30.87,1637350178.75
3313,30.85,1637350179.0
3314,30.85,1637350179.25
3315,30.85,1637350179.5
3316,30.85,1637350179.75
3317,30.87,1637350180.0
3318,30.87,1637350180.25
3319,30.87,1637350180.5
3320,30.87,1637350180.75
3321,30.87,1637350181.0
3322,30.87,1637350181.25
3323,30.87,1637350181.5
3324,30.87,1637350181.75
3325,30.87,1637350182.0
3326,30.87,1637350182.25
3327,30.87,1637350182.5
3328,30.87,1637350182.75
3329,30.85,1637350183.0
3330,30.85,1637350183.25
3331,30.85,1637350183.5
3332,30.85,1637350183.75
3333,30.87,1637350184.0
3334,30.87,1637350184.25
3335,30.87,1637350184.5
3336,30.87,1637350184.75
3337,30.91,1637350185.0
3338,30.91,1637350185.25
3339,30.91,1637350185.5
3340,30.91,1637350185.75
3341,30.85,1637350186.0
3342,30.85,1637350186.25
3343,30.85,1637350186.5
3344,30.85,1637350186.75
3345,30.85,1637350187.0
3346,30.85,1637350187.25
3347,30.85,1637350187.5
3348,30.85,1637350187.75
3349,30.87,1637350188.0
3350,30.87,1637350188.25
3351,30.87,1637350188.5
3352,30.87,1637350188.75
3353,30.87,1637350189.0
3354,30.87,1637350189.25
3355,30.87,1637350189.5
3356,30.87,1637350189.75
3357,30.87,1637350190.0
3358,30.87,1637350190.25
3359,30.87,1637350190.5
3360,30.87,1637350190.75
3361,30.89,1637350191.0
3362,30.89,1637350191.25
3363,30.89,1637350191.5
3364,30.89,1637350191.75
3365,30.85,1637350192.0
3366,30.85,1637350192.25
3367,30.85,1637350192.5
3368,30.85,1637350192.75
3369,30.85,1637350193.0
3370,30.85,1637350193.25
3371,30.85,1637350193.5
3372,30.85,1637350193.75
3373,30.89,1637350194.0
3374,30.89,1637350194.25
3375,30.89,1637350194.5
3376,30.89,1637350194.75
3377,30.87,1637350195.0
3378,30.87,1637350195.25
3379,30.87,1637350195.5
3380,30.87,1637350195.75
3381,30.85,1637350196.0
3382,30.85,1637350196.25
3383,30.85,1637350196.5
3384,30.85,1637350196.75
3385,30.87,1637350197.0
3386,30.87,1637350197.25
3387,30.87,1637350197.5
3388,30.87,1637350197.75
3389,30.87,1637350198.0
3390,30.87,1637350198.25
3391,30.87,1637350198.5
3392,30.87,1637350198.75
3393,30.87,1637350199.0
3394,30.87,1637350199.25
3395,30.87,1637350199.5
3396,30.87,1637350199.75
3397,30.85,1637350200.0
3398,30.85,1637350200.25
3399,30.85,1637350200.5
3400,30.85,1637350200.75
3401,30.85,1637350201.0
3402,30.85,1637350201.25
3403,30.85,1637350201.5
3404,30.85,1637350201.75
3405,30.89,1637350202.0
3406,30.89,1637350202.25
3407,30.89,1637350202.5
3408,30.89,1637350202.75
3409,30.89,1637350203.0
3410,30.89,1637350203.25
3411,30.89,1637350203.5
3412,30.89,1637350203.75
3413,30.89,1637350204.0
3414,30.89,1637350204.25
3415,30.89,1637350204.5
3416,30.89,1637350204.75
3417,30.87,1637350205.0
3418,30.87,1637350205.25
3419,30.87,1637350205.5
3420,30.87,1637350205.75
3421,30.89,1637350206.0
3422,30.89,1637350206.25
3423,30.89,1637350206.5
3424,30.89,1637350206.75
3425,30.89,1637350207.0
3426,30.89,1637350207.25
3427,30.89,1637350207.5
3428,30.89,1637350207.75
3429,30.89,1637350208.0
3430,30.89,1637350208.25
3431,30.89,1637350208.5
3432,30.89,1637350208.75
3433,30.89,1637350209.0
3434,30.89,1637350209.25
3435,30.89,1637350209.5
3436,30.89,1637350209.75
3437,30.87,1637350210.0
3438,30.87,1637350210.25
3439,30.87,1637350210.5
3440,30.87,1637350210.75
3441,30.89,1637350211.0
3442,30.89,1637350211.25
3443,30.89,1637350211.5
3444,30.89,1637350211.75
3445,30.89,1637350212.0
3446,30.89,1637350212.25
3447,30.89,1637350212.5
3448,30.89,1637350212.75
3449,30.91,1637350213.0
3450,30.91,1637350213.25
3451,30.91,1637350213.5
3452,30.91,1637350213.75
3453,30.89,1637350214.0
3454,30.89,1637350214.25
3455,30.89,1637350214.5
3456,30.89,1637350214.75
3457,30.89,1637350215.0
3458,30.89,1637350215.25
3459,30.89,1637350215.5
3460,30.89,1637350215.75
3461,30.91,1637350216.0
3462,30.91,1637350216.25
3463,30.91,1637350216.5
3464,30.91,1637350216.75
3465,30.91,1637350217.0
3466,30.91,1637350217.25
3467,30.91,1637350217.5
3468,30.91,1637350217.75
3469,30.91,1637350218.0
3470,30.91,1637350218.25
3471,30.91,1637350218.5
3472,30.91,1637350218.75
3473,30.95,1637350219.0
3474,30.95,1637350219.25
3475,30.95,1637350219.5
3476,30.95,1637350219.75
3477,30.93,1637350220.0
3478,30.93,1637350220.25
3479,30.93,1637350220.5
3480,30.93,1637350220.75
3481,30.95,1637350221.0
3482,30.95,1637350221.25
3483,30.95,1637350221.5
3484,30.95,1637350221.75
3485,30.93,1637350222.0
3486,30.93,1637350222.25
3487,30.93,1637350222.5
3488,30.93,1637350222.75
3489,30.93,1637350223.0
3490,30.93,1637350223.25
3491,30.93,1637350223.5
3492,30.93,1637350223.75
3493,30.95,1637350224.0
3494,30.95,1637350224.25
3495,30.95,1637350224.5
3496,30.95,1637350224.75
3497,30.97,1637350225.0
3498,30.97,1637350225.25
3499,30.97,1637350225.5
3500,30.97,1637350225.75
3501,30.95,1637350226.0
3502,30.95,1637350226.25
3503,30.95,1637350226.5
3504,30.95,1637350226.75
3505,30.97,1637350227.0
3506,30.97,1637350227.25
3507,30.97,1637350227.5
3508,30.97,1637350227.75
3509,30.99,1637350228.0
3510,30.99,1637350228.25
3511,30.99,1637350228.5
3512,30.99,1637350228.75
3513,30.97,1637350229.0
3514,30.97,1637350229.25
3515,30.97,1637350229.5
3516,30.97,1637350229.75
3517,30.97,1637350230.0
3518,30.97,1637350230.25
3519,30.97,1637350230.5
3520,30.97,1637350230.75
3521,31.01,1637350231.0
3522,31.01,1637350231.25
3523,31.01,1637350231.5
3524,31.01,1637350231.75
3525,30.99,1637350232.0
3526,30.99,1637350232.25
3527,30.99,1637350232.5
3528,30.99,1637350232.75
3529,30.99,1637350233.0
3530,30.99,1637350233.25
3531,30.99,1637350233.5
3532,30.99,1637350233.75
3533,30.99,1637350234.0
3534,30.99,1637350234.25
3535,30.99,1637350234.5
3536,30.99,1637350234.75
3537,31.01,1637350235.0
3538,31.01,1637350235.25
3539,31.01,1637350235.5
3540,31.01,1637350235.75
3541,31.01,1637350236.0
3542,31.01,1637350236.25
3543,31.01,1637350236.5
3544,31.01,1637350236.75
3545,31.01,1637350237.0
3546,31.01,1637350237.25
3547,31.01,1637350237.5
3548,31.01,1637350237.75
3549,31.01,1637350238.0
3550,31.01,1637350238.25
3551,31.01,1637350238.5
3552,31.01,1637350238.75
3553,31.01,1637350239.0
3554,31.01,1637350239.25
3555,31.01,1637350239.5
3556,31.01,1637350239.75
3557,31.03,1637350240.0
3558,31.03,1637350240.25
3559,31.03,1637350240.5
3560,31.03,1637350240.75
3561,31.01,1637350241.0
3562,31.01,1637350241.25
3563,31.01,1637350241.5
3564,31.01,1637350241.75
3565,31.01,1637350242.0
3566,31.01,1637350242.25
3567,31.01,1637350242.5
3568,31.01,1637350242.75
3569,30.99,1637350243.0
3570,30.99,1637350243.25
3571,30.99,1637350243.5
3572,30.99,1637350243.75
3573,31.03,1637350244.0
3574,31.03,1637350244.25
3575,31.03,1637350244.5
3576,31.03,1637350244.75
3577,31.03,1637350245.0
3578,31.03,1637350245.25
3579,31.03,1637350245.5
3580,31.03,1637350245.75
3581,31.05,1637350246.0
3582,31.05,1637350246.25
3583,31.05,1637350246.5
3584,31.05,1637350246.75
3585,31.03,1637350247.0
3586,31.03,1637350247.25
3587,31.03,1637350247.5
3588,31.03,1637350247.75
3589,31.03,1637350248.0
3590,31.03,1637350248.25
3591,31.03,1637350248.5
3592,31.03,1637350248.75
3593,31.03,1637350249.0
3594,31.03,1637350249.25
3595,31.03,1637350249.5
3596,31.03,1637350249.75
3597,31.07,1637350250.0
3598,31.07,1637350250.25
3599,31.07,1637350250.5
3600,31.07,1637350250.75
3601,31.05,1637350251.0
3602,31.05,1637350251.25
3603,31.05,1637350251.5
3604,31.05,1637350251.75
3605,31.07,1637350252.0
3606,31.07,1637350252.25
3607,31.07,1637350252.5
3608,31.07,1637350252.75
3609,31.05,1637350253.0
3610,31.05,1637350253.25
3611,31.05,1637350253.5
3612,31.05,1637350253.75
3613,31.05,1637350254.0
3614,31.05,1637350254.25
3615,31.05,1637350254.5
3616,31.05,1637350254.75
3617,31.07,1637350255.0
3618,31.07,1637350255.25
3619,31.07,1637350255.5
3620,31.07,1637350255.75
3621,31.07,1637350256.0
3622,31.07,1637350256.25
3623,31.07,1637350256.5
3624,31.07,1637350256.75
3625,31.07,1637350257.0
3626,31.07,1637350257.25
3627,31.07,1637350257.5
3628,31.07,1637350257.75
3629,31.05,1637350258.0
3630,31.05,1637350258.25
3631,31.05,1637350258.5
3632,31.05,1637350258.75
3633,31.09,1637350259.0
3634,31.09,1637350259.25
3635,31.09,1637350259.5
3636,31.09,1637350259.75
3637,31.09,1637350260.0
3638,31.09,1637350260.25
3639,31.09,1637350260.5
3640,31.09,1637350260.75
3641,31.09,1637350261.0
3642,31.09,1637350261.25
3643,31.09,1637350261.5
3644,31.09,1637350261.75
3645,31.11,1637350262.0
3646,31.11,1637350262.25
3647,31.11,1637350262.5
3648,31.11,1637350262.75
3649,31.09,1637350263.0
3650,31.09,1637350263.25
3651,31.09,1637350263.5
3652,31.09,1637350263.75
3653,31.09,1637350264.0
3654,31.09,1637350264.25
3655,31.09,1637350264.5
3656,31.09,1637350264.75
